,mw
TD01GL003599,35.41983639999998
TD01GL000170,67.22384410000018
TD01GL002075,33.94453580000004
TD01GL002983,81.95345500000037
TD01GL000394,20.907749800000005
TD01GL002278,37.35167050000004
TD01GL002968,56.50661970000011
TD01GL000926,28.36968149999999
TD01GL000214,49.96531020000021
TD01GL000370,27.984757
TD01GL001891,31.078210700000017
TD01GL003067,32.065515
TD01GL000011,60.36708960000009
TD01GL003161,79.21674060000052
TD01GL000513,38.315395600000016
TD01GL000221,28.008512099999983
TD01GL003306,47.128158500000126
TD01GL002689,41.19630280000006
TD01GL002020,23.47783560000002
TD01GL002306,53.192003000000106
TD01GL000278,24.833132799999998
TD01GL002593,45.40289170000007
TD01GL003441,82.12004720000047
TD01GL003364,49.390271300000116
TD01GL000639,19.545212099999983
TD01GL001072,60.21422530000015
TD01GL000434,28.4723487
TD01GL002111,43.26832670000006
TD01GL003778,14.92662189999998
TD01GL002424,36.289982300000034
TD01GL002288,39.47610340000003
TD01GL000715,43.16944520000005
TD01GL000596,18.822117399999996
TD01GL003765,17.35054209999998
TD01GL000151,48.37542340000007
TD01GL001918,105.47255540000066
TD01GL001652,21.282999999999994
TD01GL002264,29.48339960000001
TD01GL000551,16.57248869999998
TD01GL000042,50.30960890000005
TD01GL001573,93.24648050000044
TD01GL002690,17.476912399999982
TD01GL001439,23.729022899999993
TD01GL001437,56.601695100000086
TD01GL000899,61.315145200000174
TD01GL002204,29.5883892
TD01GL002225,29.493166000000013
TD01GL000413,72.89649060000032
TD01GL003102,30.475026500000038
TD01GL002367,34.229327000000005
TD01GL003428,39.92508790000006
TD01GL000026,44.93388760000009
TD01GL002913,30.33156020000002
TD01GL000688,35.69234740000004
TD01GL001742,28.892391200000006
TD01GL000350,41.664591000000065
TD01GL000730,52.3605611000001
TD01GL003564,41.17345110000002
TD01GL003031,39.39117380000002
TD01GL003017,30.9167772
TD01GL002086,32.37502480000002
TD01GL003705,52.057435500000146
TD01GL003251,37.88057090000007
TD01GL003604,51.72008250000015
TD01GL000275,41.053327700000025
TD01GL002328,23.741562300000005
TD01GL000539,35.54199600000001
TD01GL002494,65.97155750000012
TD01GL001016,14.487923899999975
TD01GL003125,59.026425600000195
TD01GL001477,28.763719200000004
TD01GL001833,22.2311078
TD01GL003356,17.007194699999985
TD01GL002194,40.7787006000001
TD01GL002889,30.210752099999993
TD01GL000682,39.505196000000026
TD01GL002227,34.12500950000002
TD01GL000640,35.128850700000015
TD01GL001069,39.58454220000005
TD01GL003637,46.776683700000085
TD01GL000021,59.17411880000014
TD01GL002906,37.14190710000002
TD01GL001059,55.759295400000106
TD01GL001246,50.07640280000004
TD01GL001290,37.11387500000005
TD01GL003259,42.899559300000035
TD01GL001209,27.821539600000023
TD01GL003012,23.832799799999993
TD01GL002497,34.70344670000003
TD01GL000782,60.02287130000004
TD01GL001852,71.43065750000027
TD01GL002476,263.9673310000001
TD01GL000879,90.89907860000054
TD01GL003537,30.294937300000015
TD01GL001681,21.395301999999983
TD01GL002668,73.05832480000034
TD01GL000475,89.86463720000062
TD01GL001586,29.98266130000002
TD01GL003085,26.802415600000007
TD01GL002672,21.875496199999983
TD01GL000022,23.971645499999983
TD01GL000421,48.524316200000065
TD01GL000380,43.035392500000064
TD01GL001549,34.6124284
TD01GL003254,27.83954949999997
TD01GL000850,28.562905699999995
TD01GL002722,30.858650300000008
TD01GL003558,62.512721400000245
TD01GL002876,35.3119291
TD01GL003721,15.795702599999975
TD01GL002693,58.26959720000012
TD01GL002267,26.225739399999988
TD01GL001524,33.1183764
TD01GL001349,131.7159356000007
TD01GL001582,53.25504910000004
TD01GL003529,27.492277100000013
TD01GL002263,37.92665090000001
TD01GL000854,36.23485840000005
TD01GL000902,39.59087320000002
TD01GL000577,108.08245740000086
TD01GL003383,41.00721920000001
TD01GL002004,80.84893000000052
TD01GL003562,57.40336730000006
TD01GL002897,34.45041050000001
TD01GL000446,29.090950600000017
TD01GL002947,37.690853000000054
TD01GL002207,63.09705180000014
TD01GL002488,98.22219340000079
TD01GL003663,32.75097380000004
TD01GL003812,31.737566700000038
TD01GL002930,26.165573000000013
TD01GL000423,46.90742250000013
TD01GL003319,50.34846200000012
TD01GL003781,55.725783900000074
TD01GL000424,45.23680460000005
TD01GL003060,25.84212249999999
TD01GL001585,44.70490830000004
TD01GL003260,45.581399100000056
TD01GL000666,28.11389840000002
TD01GL003192,40.89214190000007
TD01GL000354,25.46868779999999
TD01GL002496,70.43313220000034
TD01GL003632,69.08217330000029
TD01GL002382,41.666880500000076
TD01GL003345,52.09028160000008
TD01GL002439,43.05693990000007
TD01GL002269,36.01506610000001
TD01GL002160,21.15504719999999
TD01GL003636,23.34235090000002
TD01GL002597,23.946973999999987
TD01GL001241,48.035741500000064
TD01GL000705,43.319710800000074
TD01GL001009,18.77096189999999
TD01GL000569,28.674461399999984
TD01GL003188,27.595114399999996
TD01GL000522,29.080633500000012
TD01GL003547,64.74434620000022
TD01GL001668,25.48650860000001
TD01GL003380,46.68754900000003
TD01GL001830,24.924308999999997
TD01GL002061,67.24989490000011
TD01GL003795,37.747774300000025
TD01GL000847,28.30915360000002
TD01GL002051,37.73614530000004
TD01GL003534,48.54292750000001
TD01GL002335,26.874865399999997
TD01GL000346,49.62229500000013
TD01GL003568,50.73570340000005
TD01GL000146,27.557257800000006
TD01GL000065,19.06070769999999
TD01GL000625,26.525740500000012
TD01GL002280,28.68436280000001
TD01GL001445,35.377260200000045
TD01GL000439,22.352868600000015
TD01GL003065,30.649382200000026
TD01GL003592,61.42532250000015
TD01GL002852,69.68161440000027
TD01GL002642,57.765181100000085
TD01GL003101,16.306769899999995
TD01GL003338,44.12689920000005
TD01GL002666,73.57150030000022
TD01GL003605,26.240318700000003
TD01GL002773,67.43989070000026
TD01GL002981,35.42249010000001
TD01GL001429,70.11674800000044
TD01GL002551,34.9923072
TD01GL001192,26.239546699999977
TD01GL000570,60.22813550000015
TD01GL001731,86.08415970000057
TD01GL000320,97.3485918000005
TD01GL001633,22.954084699999985
TD01GL002783,49.91551890000006
TD01GL000883,31.307657700000018
TD01GL001060,50.561419500000106
TD01GL001099,59.23083340000012
TD01GL003261,20.8845225
TD01GL000762,72.3778956000003
TD01GL001649,30.594389200000027
TD01GL001473,25.757410400000015
TD01GL000933,11.675892199999998
TD01GL000367,40.70815820000001
TD01GL000049,42.25559250000007
TD01GL001773,29.546347200000014
TD01GL001373,44.748562400000104
TD01GL001261,20.159198600000007
TD01GL000923,26.0513667
TD01GL000672,38.51025420000005
TD01GL001762,30.78362210000003
TD01GL001312,22.094453699999995
TD01GL001227,35.86068410000006
TD01GL001250,96.23424200000059
TD01GL001003,25.32143080000001
TD01GL000641,29.616076799999984
TD01GL003088,17.43952479999999
TD01GL001449,19.6240366
TD01GL002055,26.665272700000003
TD01GL003032,45.492572600000045
TD01GL002126,40.917291000000056
TD01GL002193,30.41339479999998
TD01GL000726,21.329090900000004
TD01GL001719,31.84906890000006
TD01GL002790,44.19739620000007
TD01GL002122,54.479739300000105
TD01GL003136,111.54134720000084
TD01GL000186,43.531896400000036
TD01GL003531,54.45818710000014
TD01GL000277,23.67791310000002
TD01GL002131,64.31430900000016
TD01GL001680,35.75272990000001
TD01GL003753,23.498107700000013
TD01GL001101,43.19566430000009
TD01GL001923,97.9261487000008
TD01GL003797,16.765090500000007
TD01GL003638,31.950682800000028
TD01GL003411,40.340396500000026
TD01GL003359,34.84853769999999
TD01GL000018,50.766531600000064
TD01GL003016,17.87786319999999
TD01GL003303,21.4330407
TD01GL000864,52.6753462
TD01GL000505,16.380436199999984
TD01GL002628,12.690459799999998
TD01GL000601,29.102221300000004
TD01GL001654,37.33015180000004
TD01GL000593,39.59031300000005
TD01GL000518,37.08988819999999
TD01GL002151,18.606545599999997
TD01GL002787,43.77522410000005
TD01GL002898,39.071422600000005
TD01GL002975,44.84089180000006
TD01GL002049,20.667625099999995
TD01GL002221,53.520484400000164
TD01GL001431,98.59796360000077
TD01GL000828,115.36288220000066
TD01GL002282,36.43303070000005
TD01GL001052,31.319183100000007
TD01GL000279,49.30465740000007
TD01GL003358,53.581024700000114
TD01GL001658,48.25438200000003
TD01GL002757,53.48142630000008
TD01GL003030,53.636988600000066
TD01GL001716,41.821004900000105
TD01GL001861,49.754677500000064
TD01GL002368,98.62506040000054
TD01GL001351,117.89134130000053
TD01GL002921,32.0093839
TD01GL000148,18.9055413
TD01GL000448,26.669001100000003
TD01GL003567,58.244291000000096
TD01GL003325,42.376052400000034
TD01GL000147,43.095853600000105
TD01GL002047,56.11971080000019
TD01GL000733,44.9313191
TD01GL001034,52.44096080000008
TD01GL001357,34.74558220000001
TD01GL002576,66.81909140000018
TD01GL002249,37.15914780000008
TD01GL001648,33.50516170000002
TD01GL003019,26.658077600000016
TD01GL001404,62.1014453000002
TD01GL002327,47.2696572000001
TD01GL002455,42.09146380000006
TD01GL003378,29.25374349999999
TD01GL002631,45.06455540000004
TD01GL002792,18.111734799999997
TD01GL003196,39.14562620000006
TD01GL001868,47.33630380000007
TD01GL001712,55.962142500000134
TD01GL001465,22.329193799999995
TD01GL001125,42.125735900000095
TD01GL001056,64.22976490000015
TD01GL003687,71.98756580000041
TD01GL001497,16.08195859999999
TD01GL002103,20.816426099999997
TD01GL001328,41.28813750000001
TD01GL001054,13.834245999999986
TD01GL002389,38.308467500000035
TD01GL001862,24.561600900000023
TD01GL002003,24.664915900000004
TD01GL001130,15.003477499999986
TD01GL002419,24.996974800000004
TD01GL003536,10.632870599999993
TD01GL000529,42.08775660000009
TD01GL002492,43.4029929000001
TD01GL000536,45.29095620000012
TD01GL001471,26.446232900000005
TD01GL001535,37.728850500000014
TD01GL003247,16.1008103
TD01GL000437,27.154574299999997
TD01GL003167,41.34108960000006
TD01GL000254,61.045201000000134
TD01GL000036,35.9267417
TD01GL001745,63.82541760000022
TD01GL003123,85.7184688000005
TD01GL001283,34.22320920000006
TD01GL002102,44.172343900000044
TD01GL003417,31.81203840000004
TD01GL002875,38.592600700000006
TD01GL001622,28.188051699999995
TD01GL003606,30.62586030000003
TD01GL003384,41.74887110000003
TD01GL003782,19.549088400000006
TD01GL001058,108.26170210000058
TD01GL001864,22.509805999999998
TD01GL002214,53.0180524000001
TD01GL000237,52.08887420000008
TD01GL003512,39.99860900000005
TD01GL000249,44.42857780000013
TD01GL003182,40.81218590000005
TD01GL002741,38.10307269999999
TD01GL001763,26.2065811
TD01GL000732,31.1923756
TD01GL000166,35.735377100000015
TD01GL002646,40.71867360000006
TD01GL003346,49.71067440000014
TD01GL001443,34.44882230000001
TD01GL003341,116.93122140000078
TD01GL000053,72.29172270000038
TD01GL001428,59.65750230000017
TD01GL003262,38.842369900000044
TD01GL000624,28.634451600000013
TD01GL003377,50.14353060000001
TD01GL001170,69.74103750000016
TD01GL001289,31.328377000000007
TD01GL003205,27.52856860000001
TD01GL001637,46.92188580000007
TD01GL001869,27.175500200000013
TD01GL001296,38.642779600000054
TD01GL003344,32.51337470000003
TD01GL000121,32.90745960000002
TD01GL003206,35.23014840000003
TD01GL001717,60.58411470000012
TD01GL003514,41.56335420000007
TD01GL002301,38.53599770000005
TD01GL001882,66.2807579000003
TD01GL003186,23.919863900000003
TD01GL002441,61.36372820000019
TD01GL002095,14.702643899999982
TD01GL003505,46.708319800000005
TD01GL001318,41.046232299999986
TD01GL003249,106.12046340000076
TD01GL002562,25.836016899999986
TD01GL001653,27.701754500000014
TD01GL000341,69.32093550000022
TD01GL002976,33.479857600000024
TD01GL001412,36.13125670000007
TD01GL002974,36.60428910000001
TD01GL003330,105.91589270000073
TD01GL000677,33.63510400000002
TD01GL001249,41.841109200000076
TD01GL001554,23.734959500000013
TD01GL000931,75.82849040000035
TD01GL000054,44.36141310000008
TD01GL003699,27.81461120000001
TD01GL001343,32.85387949999999
TD01GL003490,31.821818800000045
TD01GL003793,27.75563229999999
TD01GL003171,70.62362020000042
TD01GL003392,58.62672180000019
TD01GL000331,44.9182507
TD01GL003426,41.063616200000055
TD01GL001105,17.0322674
TD01GL003530,28.551321799999997
TD01GL001523,31.141261600000025
TD01GL001441,34.06904790000006
TD01GL000484,45.285579800000036
TD01GL003013,27.77893339999997
TD01GL003172,23.998167400000007
TD01GL001448,40.64929860000007
TD01GL003540,73.52168540000028
TD01GL002380,18.092285399999998
TD01GL000427,23.328145600000013
TD01GL002042,19.316817899999986
TD01GL002513,47.11800729999999
TD01GL000016,28.13607690000001
TD01GL001461,34.63390430000001
TD01GL003671,28.688050500000013
TD01GL003092,37.034188400000055
TD01GL000636,19.429955700000008
TD01GL000745,65.52858450000018
TD01GL003340,37.13767490000005
TD01GL001166,36.020356300000046
TD01GL002531,52.553990800000044
TD01GL002074,30.08028250000003
TD01GL001172,52.97362060000009
TD01GL002888,44.895841100000105
TD01GL000924,44.36817910000013
TD01GL002304,39.201193800000006
TD01GL003202,17.83450989999999
TD01GL001672,28.361096999999994
TD01GL000930,38.5849784000001
TD01GL002135,35.11962550000003
TD01GL003120,23.3915007
TD01GL002236,38.85357700000002
TD01GL002250,82.84647020000052
TD01GL003433,56.289424500000116
TD01GL000866,52.90257350000012
TD01GL002493,49.052586900000065
TD01GL003062,70.09910900000034
TD01GL002785,38.807281300000064
TD01GL002177,36.96228200000003
TD01GL001415,63.550810600000155
TD01GL002097,65.67341110000018
TD01GL003741,22.1894045
TD01GL001707,37.32725350000005
TD01GL002375,49.0860502000001
TD01GL000604,18.413092799999976
TD01GL001163,31.325536100000015
TD01GL001304,65.02077720000025
TD01GL002218,99.16377540000066
TD01GL001660,17.53653329999998
TD01GL002995,55.01283670000007
TD01GL002105,25.878426600000015
TD01GL002559,56.64894180000008
TD01GL000260,31.46833850000002
TD01GL003386,51.10926370000005
TD01GL001901,25.236387299999993
TD01GL000396,38.02056110000006
TD01GL000348,53.805250100000144
TD01GL001401,24.751715199999996
TD01GL001987,29.181856600000017
TD01GL002357,51.76169260000008
TD01GL001673,18.29153239999999
TD01GL001197,33.660242500000024
TD01GL003440,32.95443629999997
TD01GL001632,35.216656300000025
TD01GL001134,31.188002200000035
TD01GL002820,23.949204800000004
TD01GL002036,45.542104700000046
TD01GL001706,62.86894390000025
TD01GL003631,30.853878900000005
TD01GL003304,25.023883800000004
TD01GL002487,31.176569499999985
TD01GL003058,42.756359000000074
TD01GL002066,51.0301916000001
TD01GL000663,42.21619030000009
TD01GL003407,35.71706389999998
TD01GL000768,32.85455520000004
TD01GL001726,72.7060766000003
TD01GL002994,36.03488250000004
TD01GL002101,36.821904100000026
TD01GL001823,14.294268599999985
TD01GL001560,23.8582224
TD01GL000067,50.949662400000065
TD01GL000384,43.9096419000001
TD01GL002295,33.20053690000003
TD01GL002627,62.10819140000015
TD01GL001093,35.481327800000045
TD01GL000592,39.54372560000002
TD01GL000503,31.374734600000018
TD01GL002096,29.281147900000008
TD01GL003137,13.483695099999988
TD01GL001562,17.5672209
TD01GL002821,49.81500210000009
TD01GL001260,58.97359710000013
TD01GL003035,53.363376100000075
TD01GL000369,32.75078210000005
TD01GL002539,20.108892299999983
TD01GL001228,29.354897900000022
TD01GL001837,62.52706150000011
TD01GL000228,30.79274060000004
TD01GL001816,51.88718270000002
TD01GL001476,28.85453370000002
TD01GL000660,44.06262060000001
TD01GL003294,47.94875290000013
TD01GL003241,37.73166110000007
TD01GL003113,27.72560520000001
TD01GL003203,66.25523290000018
TD01GL002291,43.09234410000008
TD01GL003418,39.45589710000003
TD01GL003539,40.51933770000006
TD01GL002014,20.680579299999984
TD01GL001570,40.407494000000035
TD01GL002385,31.438732200000008
TD01GL002253,22.66516850000001
TD01GL001646,43.43879030000007
TD01GL001569,23.929024999999996
TD01GL001377,30.469661600000023
TD01GL000528,29.822289700000017
TD01GL002952,23.8266641
TD01GL001096,17.3218583
TD01GL003461,40.821662200000034
TD01GL001106,22.575607599999998
TD01GL003625,28.548477999999992
TD01GL000156,53.148402100000126
TD01GL003798,28.6527187
TD01GL001319,61.03790650000016
TD01GL003185,22.022549799999986
TD01GL003799,45.11903070000012
TD01GL002573,42.24949090000007
TD01GL003414,65.73273500000019
TD01GL003305,20.9122363
TD01GL000461,28.59822840000002
TD01GL000445,45.36874750000005
TD01GL003322,65.67255180000019
TD01GL002506,46.18320640000006
TD01GL003256,27.817653899999996
TD01GL000720,92.52477280000066
TD01GL000058,30.796459199999997
TD01GL002935,65.82843530000027
TD01GL003337,22.71169210000002
TD01GL001753,44.55631510000002
TD01GL002200,33.464024400000056
TD01GL002377,34.99392660000002
TD01GL002299,33.38064160000003
TD01GL001317,41.21342820000005
TD01GL003038,34.161584900000044
TD01GL001627,51.752897000000125
TD01GL003213,98.77912380000069
TD01GL001466,48.905413300000085
TD01GL003059,25.578137499999997
TD01GL000351,118.9011406000008
TD01GL003209,62.54122070000016
TD01GL001031,27.54327559999999
TD01GL001553,50.06023040000016
TD01GL002005,40.91412430000007
TD01GL002540,31.349118500000046
TD01GL001057,26.53532970000002
TD01GL001381,101.02085770000063
TD01GL000229,29.965325000000032
TD01GL000217,26.788280500000024
TD01GL002089,63.18380800000015
TD01GL000149,68.92683120000032
TD01GL003369,45.16039020000006
TD01GL001995,21.841609099999996
TD01GL000008,37.23047810000005
TD01GL001277,61.107258300000076
TD01GL003138,50.72756260000014
TD01GL000627,39.10900200000012
TD01GL000893,24.2293734
TD01GL001588,21.72156839999998
TD01GL002922,39.665915700000056
TD01GL002136,28.29082610000002
TD01GL001859,21.208560700000003
TD01GL001675,33.91243110000003
TD01GL001915,39.81802050000001
TD01GL003474,45.17151610000007
TD01GL000045,25.696174900000003
TD01GL003173,36.319318800000055
TD01GL001271,22.0587723
TD01GL001193,55.726988900000016
TD01GL002682,27.621386000000005
TD01GL000422,42.19858930000009
TD01GL002776,26.226529800000012
TD01GL001194,20.95147980000001
TD01GL003488,54.7163042000001
TD01GL002681,25.682060000000003
TD01GL001033,54.96099780000006
TD01GL001628,24.526421000000003
TD01GL002083,76.68252470000029
TD01GL000988,63.37883890000028
TD01GL003553,128.85931300000036
TD01GL003533,42.543097100000054
TD01GL002416,36.54917430000002
TD01GL003740,33.14866380000001
TD01GL003036,22.748471199999997
TD01GL000378,33.830817900000035
TD01GL001591,51.48269800000006
TD01GL001547,39.962184400000034
TD01GL001378,47.03783850000008
TD01GL001074,99.81447790000054
TD01GL003011,42.44522530000007
TD01GL002933,50.99911470000007
TD01GL002265,42.86571300000007
TD01GL003482,51.503148000000074
TD01GL002045,40.03242260000005
TD01GL001046,37.688651700000044
TD01GL002857,91.71013540000055
TD01GL003742,43.77459010000005
TD01GL000220,21.092139299999985
TD01GL001410,17.448738699999986
TD01GL002199,27.756662400000007
TD01GL002123,61.957905300000114
TD01GL002305,47.137275900000084
TD01GL000030,56.663866000000105
TD01GL000399,19.547179099999994
TD01GL002310,32.273854400000005
TD01GL003288,51.92840020000007
TD01GL002275,35.045121500000036
TD01GL001730,37.90349710000005
TD01GL002178,44.401299300000034
TD01GL000661,15.169049099999986
TD01GL000546,38.90259850000008
TD01GL002966,25.3083246
TD01GL000616,51.2986799000001
TD01GL002914,36.32426920000004
TD01GL001890,54.05417830000007
TD01GL003014,52.74174710000015
TD01GL001245,23.856702900000002
TD01GL003246,37.144461900000046
TD01GL003263,28.861368799999983
TD01GL000852,69.41859330000034
TD01GL001468,141.42298860000062
TD01GL000406,42.57510680000012
TD01GL000185,77.96856470000034
TD01GL003347,48.19938750000008
TD01GL001858,46.255047800000064
TD01GL001316,56.396851000000076
TD01GL002314,21.172588199999993
TD01GL000878,14.378105499999982
TD01GL001327,78.83061650000032
TD01GL003532,17.313977299999983
TD01GL003142,18.023591000000003
TD01GL002677,20.99540009999998
TD01GL001887,41.31370060000003
TD01GL003158,38.78535799999999
TD01GL002381,50.70328840000009
TD01GL002363,72.55559250000034
TD01GL000760,75.03508150000033
TD01GL000967,30.08880230000001
TD01GL001214,23.672533100000006
TD01GL001207,39.8276031
TD01GL000836,88.57217140000056
TD01GL003751,79.04508240000041
TD01GL003412,53.7826188000001
TD01GL001889,53.53619160000014
TD01GL002303,48.748367900000076
TD01GL003672,36.181633600000055
TD01GL001045,55.233935600000095
TD01GL003500,39.83930690000005
TD01GL001430,23.8125163
TD01GL000262,51.771142300000136
TD01GL002425,32.017163499999995
TD01GL001302,60.96402440000014
TD01GL000418,41.621162900000044
TD01GL000371,19.535165699999993
TD01GL000712,45.50466210000005
TD01GL001683,87.03692450000057
TD01GL001407,33.90784090000005
TD01GL001090,23.129620600000017
TD01GL002450,45.33568440000004
TD01GL003499,115.6977414000008
TD01GL003425,29.135969899999996
TD01GL000600,31.357899200000016
TD01GL003421,35.86222540000003
TD01GL002230,67.21708460000018
TD01GL003387,45.02734340000006
TD01GL003608,57.95503810000009
TD01GL000876,47.081293300000034
TD01GL002507,40.946305400000035
TD01GL001550,38.76358220000001
TD01GL003121,37.051792100000014
TD01GL002579,38.67829840000003
TD01GL000375,51.55592450000007
TD01GL001667,19.70057269999998
TD01GL002710,34.57774390000006
TD01GL001906,27.18869960000001
TD01GL003287,43.25768700000001
TD01GL001629,38.44782440000007
TD01GL002085,51.39891060000008
TD01GL000056,58.98369330000017
TD01GL003774,40.100167900000066
TD01GL002588,34.80316060000002
TD01GL001641,42.68674180000008
TD01GL000830,31.148396600000037
TD01GL002318,28.454156299999994
TD01GL002088,28.37111479999997
TD01GL001839,136.05951840000037
TD01GL002477,48.27244400000011
TD01GL001367,78.11872000000041
TD01GL001669,23.01927489999999
TD01GL000554,79.50295940000044
TD01GL001185,30.510333800000005
TD01GL000591,53.47705510000007
TD01GL000900,60.93762000000018
TD01GL000932,22.47520010000002
TD01GL003291,33.97951089999998
TD01GL002518,35.041387699999994
TD01GL001455,32.59225150000002
TD01GL002429,34.97744190000002
TD01GL000420,102.60016230000063
TD01GL001075,28.8042647
TD01GL000753,18.52777089999998
TD01GL001777,70.27102220000029
TD01GL000009,35.4544057
TD01GL003535,37.81024640000002
TD01GL001567,44.02333450000005
TD01GL000171,35.34790700000001
TD01GL003432,103.37410930000082
TD01GL000429,49.84155030000007
TD01GL000027,45.030055700000084
TD01GL000751,27.922989500000032
TD01GL002132,57.311653500000105
TD01GL002732,34.47656480000002
TD01GL002417,27.570804400000004
TD01GL001900,30.754067700000007
TD01GL002548,19.381135899999983
TD01GL002300,52.86846510000013
TD01GL002141,64.12616260000019
TD01GL003455,69.8802110000003
TD01GL000525,27.795806000000013
TD01GL003103,45.62285000000009
TD01GL000774,26.78890860000001
TD01GL000168,28.111066800000017
TD01GL000527,28.889407100000014
TD01GL000543,55.67061410000011
TD01GL000772,33.69645030000001
TD01GL000342,41.56893730000001
TD01GL000474,55.89835230000009
TD01GL001111,28.28426840000002
TD01GL003280,34.523049300000025
TD01GL000623,25.203541900000015
TD01GL001908,9.877267599999998
TD01GL002556,61.783897400000164
TD01GL001264,34.108367500000014
TD01GL000862,50.978540300000155
TD01GL002202,42.160682400000006
TD01GL003779,49.7670434000001
TD01GL001870,24.567382699999996
TD01GL001910,23.61894500000002
TD01GL001180,39.597537400000036
TD01GL000465,31.62221220000001
TD01GL002427,52.90082980000011
TD01GL002920,30.49667100000003
TD01GL002574,41.99970090000004
TD01GL002060,67.24989490000011
TD01GL003229,58.289939000000146
TD01GL001190,31.05576480000001
TD01GL001723,33.37167090000001
TD01GL001460,27.96282610000002
TD01GL003452,46.465934700000105
TD01GL001182,20.820414599999992
TD01GL000134,75.70093720000033
TD01GL001490,34.720496600000004
TD01GL002860,61.68463680000015
TD01GL002231,50.52389500000011
TD01GL001339,45.53736510000008
TD01GL001551,58.52349180000014
TD01GL001819,36.57821880000006
TD01GL000764,34.030500600000046
TD01GL000356,32.622996000000015
TD01GL003450,30.19300000000001
TD01GL003214,62.2014598000002
TD01GL000991,29.992379599999992
TD01GL002442,54.680671700000175
TD01GL003293,41.45715870000006
TD01GL002563,23.24839750000001
TD01GL000020,24.067366199999988
TD01GL001029,41.912645200000064
TD01GL000729,161.63991670000004
TD01GL001871,27.74417149999999
TD01GL001545,47.56059610000004
TD01GL000540,47.361276900000014
TD01GL002240,31.95442760000005
TD01GL001769,28.282593600000016
TD01GL001565,38.97496330000001
TD01GL002041,66.62889550000017
TD01GL001704,52.07032070000008
TD01GL002572,17.21446329999998
TD01GL002386,30.063398099999993
TD01GL000259,38.91542520000006
TD01GL002470,73.87362980000032
TD01GL003408,28.10187750000002
TD01GL003255,24.598160200000002
TD01GL001470,22.400437599999986
TD01GL001779,29.428057100000032
TD01GL003656,29.29916800000002
TD01GL001122,82.54284670000041
TD01GL002266,9.564347699999995
TD01GL002289,33.19290689999999
TD01GL003764,23.801759499999978
TD01GL003339,37.52652970000002
TD01GL002900,48.74193540000009
TD01GL000390,44.69729860000005
TD01GL001411,52.29008390000013
TD01GL001450,27.967289300000004
TD01GL002337,34.492231500000045
TD01GL003809,21.92339459999999
TD01GL002495,27.4968078
TD01GL001107,83.29703220000054
TD01GL000714,43.446072500000035
TD01GL001829,101.32665440000058
TD01GL002094,14.686455799999974
TD01GL001630,40.35883720000002
TD01GL000345,28.302825200000004
TD01GL001846,17.235263499999995
TD01GL002955,41.496095300000036
TD01GL002352,22.04333849999998
TD01GL003388,54.847712100000095
TD01GL002886,51.79512530000003
TD01GL001226,21.910850300000007
TD01GL000626,41.446193700000045
TD01GL002457,57.10244000000019
TD01GL000435,33.5743697
TD01GL001911,25.383589800000017
TD01GL000771,48.18851440000007
TD01GL002384,37.759277100000055
TD01GL001132,35.786762700000104
TD01GL000975,39.46389480000003
TD01GL003351,46.55864270000003
TD01GL002319,47.47457180000005
TD01GL001584,48.81825030000002
TD01GL002145,86.36993530000046
TD01GL002040,19.55811909999999
TD01GL003041,89.43948700000053
TD01GL001365,92.61053270000052
TD01GL000167,25.90867609999999
TD01GL002415,53.04799150000013
TD01GL001376,28.61808360000002
TD01GL000050,38.123864700000084
TD01GL003296,31.933317400000046
TD01GL000656,48.44459400000004
TD01GL002635,48.008109900000115
TD01GL001222,24.915050499999982
TD01GL001051,62.29379890000017
TD01GL003099,142.22275410000023
TD01GL001736,49.52237930000012
TD01GL002428,32.52458640000002
TD01GL000261,32.63904140000002
TD01GL003329,22.3280884
TD01GL001364,38.64634380000006
TD01GL000368,13.906544699999984
TD01GL002517,20.808164400000003
TD01GL000389,40.729660900000034
TD01GL001708,36.25728010000001
TD01GL000019,46.854749800000064
TD01GL002750,38.25181740000003
TD01GL001696,38.25697410000003
TD01GL003199,36.56292920000001
TD01GL001746,51.82776580000013
TD01GL002519,32.769522000000016
TD01GL001188,48.31729160000009
TD01GL000426,110.75139210000073
TD01GL001705,60.291343500000195
TD01GL000497,22.8937842
TD01GL003061,23.941733499999994
TD01GL003394,21.635002799999995
TD01GL001666,20.480099099999986
TD01GL002379,55.08505560000008
TD01GL003376,53.46816620000013
TD01GL002520,41.372859100000014
TD01GL002326,43.44362640000005
TD01GL000945,37.948248099999994
TD01GL003598,35.30542169999998
TD01GL002038,45.31603690000006
TD01GL001743,18.245992499999986
TD01GL002216,37.46860450000002
TD01GL000934,32.80956250000001
TD01GL000541,56.315370800000125
TD01GL001596,98.42860950000062
TD01GL003413,33.25814620000005
TD01GL000470,50.81424550000013
TD01GL000263,42.07598050000008
TD01GL000048,38.602584800000024
TD01GL002125,40.62402420000006
TD01GL001102,51.278709100000036
TD01GL002124,89.52900320000053
TD01GL003485,65.24573660000021
TD01GL003728,14.979806999999997
TD01GL003307,45.423018300000095
TD01GL003688,16.111038299999976
TD01GL000925,47.94818690000016
TD01GL003466,34.069300800000036
TD01GL003707,33.795366800000004
TD01GL002565,67.11086540000032
TD01GL001447,36.05378440000002
TD01GL003706,93.94693080000052
TD01GL000777,31.05953819999999
TD01GL001062,29.908095799999987
TD01GL002358,53.352461500000125
TD01GL002180,39.20342720000008
TD01GL001580,40.72247100000005
TD01GL002220,86.31067290000043
TD01GL002679,36.061444300000055
TD01GL000410,36.13780700000001
TD01GL000479,26.91562900000003
TD01GL002048,51.93860620000006
TD01GL003784,7.7262487
TD01GL000741,44.24855750000004
TD01GL001768,43.83239520000004
TD01GL003302,36.640183600000064
TD01GL000981,50.95018580000009
TD01GL003670,27.993662999999984
TD01GL000746,45.69904429999999
TD01GL003783,17.665840900000003
TD01GL000535,27.197712600000003
TD01GL003750,13.661472599999989
TD01GL003379,50.79963620000008
TD01GL000657,40.307771200000026
TD01GL000031,15.199432299999986
TD01GL002290,36.13201180000009
TD01GL002006,39.67342030000007
TD01GL002268,33.59891920000002
TD01GL000936,78.49655100000038
TD01GL002784,52.05336210000007
TD01GL002206,31.560931900000007
TD01GL001321,71.4743941000002
TD01GL000224,20.23436619999998
TD01GL003447,50.02663300000006
TD01GL002569,17.96372509999999
TD01GL002786,41.24745360000009
TD01GL002390,63.0433355000002
TD01GL000665,33.51542020000004
TD01GL000534,16.560180999999996
TD01GL000737,18.156354399999994
TD01GL003187,25.946061099999987
TD01GL000653,51.566349900000105
TD01GL002521,32.23918890000004
TD01GL000520,43.551876600000085
TD01GL001112,28.031905200000015
TD01GL000990,59.71570030000007
TD01GL003810,43.72090930000001
TD01GL002686,40.472253700000074
TD01GL001616,32.83627420000004
TD01GL001306,40.965559300000024
TD01GL003357,24.78316220000001
TD01GL000480,33.94674499999999
TD01GL003281,10.032096499999998
TD01GL002928,38.592608000000034
TD01GL002341,28.918818100000042
TD01GL002911,29.703228700000007
TD01GL000386,28.442094999999988
TD01GL001436,43.38730540000007
TD01GL000164,40.894861800000044
TD01GL000731,61.0205145000001
TD01GL001527,51.4953520000001
TD01GL001265,12.645252499999993
TD01GL000948,26.342286700000002
TD01GL000622,45.78085830000011
TD01GL003479,14.764293299999986
TD01GL002749,15.448692899999982
TD01GL002927,26.528532199999997
TD01GL002908,13.115021299999986
TD01GL001625,43.12474480000008
TD01GL000517,42.58223650000006
TD01GL000296,36.1507902
TD01GL000781,52.26045730000008
TD01GL000506,47.545146500000094
TD01GL000690,58.337904400000106
TD01GL001692,25.438471199999995
TD01GL002320,21.29084989999999
TD01GL003295,32.68339700000004
TD01GL002224,15.27728609999999
TD01GL002836,37.75322480000003
TD01GL002884,43.45765910000002
TD01GL003703,46.24439440000007
TD01GL003097,64.49302760000015
TD01GL001120,35.6743758
TD01GL001444,67.45168540000029
TD01GL001329,39.099716800000024
TD01GL001297,26.835690700000004
TD01GL001195,40.22826850000002
TD01GL003087,31.69374280000003
TD01GL003044,54.61832510000012
TD01GL001380,58.48249050000015
TD01GL001884,34.11378510000003
TD01GL000007,75.83409150000033
TD01GL000634,48.69857770000007
TD01GL001917,13.946093899999987
TD01GL000684,39.69470630000006
TD01GL000685,49.554039900000085
TD01GL000039,38.13999590000005
TD01GL002874,29.02603730000003
TD01GL001218,41.40380430000008
TD01GL003702,30.50864180000001
TD01GL003691,29.00794720000002
TD01GL003023,44.23678700000011
TD01GL002723,43.83944960000002
TD01GL002739,27.04037550000002
TD01GL001818,34.168184300000014
TD01GL002205,73.43912400000029
TD01GL000606,29.222407400000026
TD01GL002404,62.43390160000018
TD01GL003792,24.733938400000003
TD01GL001303,26.287922699999978
TD01GL001223,48.428711800000066
TD01GL003501,96.05549020000056
TD01GL002065,44.20307760000005
TD01GL000992,27.616436999999987
TD01GL001279,40.088770400000065
TD01GL000749,22.5822644
TD01GL000440,36.30840010000007
TD01GL000773,23.847539400000013
TD01GL002067,27.780423099999993
TD01GL002939,62.8199560000002
TD01GL000947,72.71516890000028
TD01GL003141,68.25732750000023
TD01GL000857,20.578937899999996
TD01GL003370,51.54817150000012
TD01GL001435,59.40256230000009
TD01GL002918,23.9372827
TD01GL000033,26.693361000000003
TD01GL001167,40.61729430000003
TD01GL002219,31.743097600000052
TD01GL002451,51.20311440000007
TD01GL000504,49.58764270000008
TD01GL001221,38.557875100000054
TD01GL001472,26.78148760000002
TD01GL003732,30.524629100000013
TD01GL002019,25.01654439999999
TD01GL003628,45.782732499999995
TD01GL002570,33.48354510000001
TD01GL001251,41.04411780000011
TD01GL002444,44.94297740000001
TD01GL001375,64.89856300000015
TD01GL000727,39.66621410000006
TD01GL001300,41.217896900000014
TD01GL001474,43.373876100000054
TD01GL003438,26.657277100000005
TD01GL003211,40.37200780000004
TD01GL000240,52.92639010000007
TD01GL001636,36.97002060000003
TD01GL002387,36.28267950000004
TD01GL002963,17.516812399999996
TD01GL000510,30.390671700000002
TD01GL001920,51.446375700000054
TD01GL002810,53.903123600000036
TD01GL000483,56.83663510000015
TD01GL001434,32.2991688
TD01GL003046,36.75194800000007
TD01GL003063,101.02085770000063
TD01GL000363,33.30775490000003
TD01GL003422,29.75692530000002
TD01GL003354,54.32660480000003
TD01GL003094,33.207510500000026
TD01GL001826,13.325189499999977
TD01GL001422,63.309884300000135
TD01GL002262,24.259160999999985
TD01GL002203,58.19845290000003
TD01GL002917,37.63836850000003
TD01GL000752,8.863107499999996
TD01GL003643,29.169373800000002
TD01GL002426,43.34498650000006
TD01GL000867,37.13978590000002
TD01GL000917,37.54265390000008
TD01GL001254,25.207620699999993
TD01GL001243,13.872642799999989
TD01GL000436,36.3117086
TD01GL003366,45.54810750000008
TD01GL000533,36.50221309999999
TD01GL001198,30.667322700000025
TD01GL000511,44.86688860000008
TD01GL001899,46.00400770000006
TD01GL001457,28.125217900000013
TD01GL002108,142.54285580000052
TD01GL000706,42.540312800000066
TD01GL001640,56.2047681000001
TD01GL003193,36.15111720000002
TD01GL000617,30.530176900000022
TD01GL003160,52.17151850000013
TD01GL002084,27.705070699999997
TD01GL002818,53.8810935000001
TD01GL002969,109.51270820000065
TD01GL001053,48.293520200000046
TD01GL002100,32.50214950000002
TD01GL002680,28.218267099999984
TD01GL002676,39.25317970000002
TD01GL000544,28.600948100000004
TD01GL001533,75.10744930000028
TD01GL003773,48.02998850000002
TD01GL000070,41.53538260000007
TD01GL002817,61.578789500000134
TD01GL000347,86.90374080000062
TD01GL003594,11.105583899999992
TD01GL001563,71.0364398000002
TD01GL003780,32.26447750000002
TD01GL002371,46.881631400000025
TD01GL000419,62.48660580000009
TD01GL003415,72.07509640000028
TD01GL002360,38.500459200000066
TD01GL000743,37.147313600000025
TD01GL001548,37.447054400000056
TD01GL001061,41.39886080000002
TD01GL000937,42.06706860000002
TD01GL002062,27.306700199999998
TD01GL002926,25.096616199999996
TD01GL000909,17.933137900000002
TD01GL000681,36.968030700000014
TD01GL003292,52.66857180000002
TD01GL001184,33.86839440000004
TD01GL001196,43.94295700000007
TD01GL002195,41.95518640000004
TD01GL003789,24.064629199999988
TD01GL001219,29.841144900000018
TD01GL002564,38.48945740000004
TD01GL001176,49.83763500000011
TD01GL001587,23.996334699999995
TD01GL001127,45.92003210000006
TD01GL002008,17.75709849999999
TD01GL001104,42.21231050000002
TD01GL001709,48.091380300000075
TD01GL000590,41.2629245
TD01GL001857,14.775252099999983
TD01GL001618,34.223331700000024
TD01GL000328,62.247223500000196
TD01GL003666,79.26353920000024
TD01GL003448,55.55947640000006
TD01GL001815,36.9112906
TD01GL003593,12.193729099999986
TD01GL000572,26.953054499999997
TD01GL001623,28.223349499999998
TD01GL003708,27.986667200000003
TD01GL001464,65.6879132000003
TD01GL000357,26.75913709999999
TD01GL001220,30.267560399999983
TD01GL002191,32.531817999999994
TD01GL002012,76.22546770000044
TD01GL002558,18.37751359999999
TD01GL001117,27.9109169
TD01GL001237,33.404603000000016
TD01GL002929,17.162360599999992
TD01GL002256,60.408618500000046
TD01GL002657,28.067849700000007
TD01GL000667,28.85191530000001
TD01GL003064,22.88439209999998
TD01GL002222,31.7817808
TD01GL000438,15.43213759999999
TD01GL003398,45.39067470000006
TD01GL003549,48.5686614000001
TD01GL002617,117.36119280000084
TD01GL002736,106.31039790000088
TD01GL000621,25.721083699999987
TD01GL001589,45.80359180000007
TD01GL002307,61.84894200000011
TD01GL003508,44.89718950000006
TD01GL001902,37.46051460000004
TD01GL002338,19.806431999999994
TD01GL001559,46.39137760000008
TD01GL001451,24.25393200000001
TD01GL000750,24.931770199999995
TD01GL002017,37.127332000000045
TD01GL002480,52.23391990000005
TD01GL001118,42.38444950000007
TD01GL001664,27.92200860000001
TD01GL003439,25.618066499999987
TD01GL002542,28.914997399999994
TD01GL003363,53.363167600000075
TD01GL002329,44.84752300000008
TD01GL003714,51.033181600000084
TD01GL000671,42.427991900000016
TD01GL003212,33.85088870000004
TD01GL000683,35.58612430000006
TD01GL002370,22.358086300000007
TD01GL003785,30.87923590000004
TD01GL000481,58.655357600000166
TD01GL001248,32.59349050000003
TD01GL002043,48.80412760000002
TD01GL001686,94.41152620000065
TD01GL000433,53.034239100000114
TD01GL003311,39.48052220000003
TD01GL003775,29.058400500000012
TD01GL000740,96.43442450000062
TD01GL000301,41.010181600000024
TD01GL000412,76.01732060000036
TD01GL001055,13.124387099999986
TD01GL002309,41.17035670000004
TD01GL003627,26.28876689999999
TD01GL002399,43.45721080000003
