,log10_kcat_mean,log10_kcat_std
CHOLD,1.0262017855374073,1.0262017855374073
DEOXYRIBOSE-P-ALD-RXN,1.1089089911973027,1.1089089911973027
RXN-6321,1.2234887845301885,1.2234887845301885
GLYOHMETRANS-RXN,1.4357833293988593,1.4357833293988593
GLYOHMETRANS-RXN_REV,0.6989700043360189,1.0
THREONINE-ALDOLASE-RXN,0.27184160653649897,1.0
RXN0-1461,-2.5228787452803374,1.0
GLUTATHIONE-REDUCT-NADPH-RXN,2.069348665989904,2.069348665989904
GLUTATHIONE-REDUCT-NADPH-RXN_REV,2.017161154582308,2.017161154582308
RXN0-2382,0.8612225724275272,0.8612225724275272
TRYPSYN-RXN,1.2441183847177297,1.2441183847177297
RXN0-2381,0.8410504832532265,0.8410504832532265
PHETA1,1.2701026624797007,1.2701026624797007
PHETA1_REV,1.986101419189532,1.986101419189532
BRANCHED-CHAINAMINOTRANSFERILEU-RXN,1.6812412373755872,1.0
BRANCHED-CHAINAMINOTRANSFERILEU-RXN_REV,1.057571181217661,1.057571181217661
BRANCHED-CHAINAMINOTRANSFERVAL-RXN,1.2787536009528289,1.0
BRANCHED-CHAINAMINOTRANSFERVAL-RXN_REV,1.057571181217661,1.057571181217661
BRANCHED-CHAINAMINOTRANSFERLEU-RXN,1.845098040014257,1.0
TYROSINE-AMINOTRANSFERASE-RXN,1.6743450540207294,1.6743450540207294
TYROSINE-AMINOTRANSFERASE-RXN_REV,1.986101419189532,1.986101419189532
SHIKIMATE-5-DEHYDROGENASE-RXN,2.108082951142997,2.108082951142997
SHIKIMATE-5-DEHYDROGENASE-RXN_REV,1.536450041712247,1.536450041712247
RIBOFLAVINKIN-RXN,0.5033719551422431,0.5033719551422431
RIBOPHOSPHAT-RXN,-1.7958800173440752,1.0
RIBOFLAVIN-SYN-RXN,-0.5734887386354247,1.0
FPPSYN-RXN,-0.5043869621537526,-0.5043869621537526
GPPSYN-RXN,-0.727153614480408,-0.727153614480408
UROGENIIISYN-RXN,1.6808639180087965,1.6808639180087965
THYM-PHOSPH-RXN,2.1643337101198834,2.1643337101198834
THYM-PHOSPH-RXN_REV,1.0168376846861107,1.0168376846861107
URA-PHOSPH-RXN,1.5933596232505163,1.5933596232505163
URA-PHOSPH-RXN_REV,1.318468650523834,1.318468650523834
CARBODEHYDRAT-RXN,5.326442666427543,5.326442666427543
CARBODEHYDRAT-RXN_REV,5.256784880024529,5.256784880024529
IMP-DEHYDROG-RXN,0.2970729467396039,0.2970729467396039
HACD8,-0.7235381958267559,1.0
HACD8_REV,-2.3979400086720375,1.0
CTECOAI8,1.7993405494535817,1.0
CTECOAI8_REV,1.7993405494535817,1.0
HACD6,-0.7235381958267559,1.0
HACD6_REV,-2.3979400086720375,1.0
HACD2,-0.7235381958267559,1.0
HACD2_REV,-2.3979400086720375,1.0
HACD5,-0.7235381958267559,1.0
HACD5_REV,-2.3979400086720375,1.0
HACD3,-0.7235381958267559,1.0
HACD3_REV,-2.3979400086720375,1.0
RXN-11662,1.9672366004151782,1.9672366004151782
RXN-11662_REV,-2.3979400086720375,1.0
HACD7,-0.7235381958267559,1.0
HACD7_REV,-2.3979400086720375,1.0
CTECOAI6,1.7993405494535817,1.0
CTECOAI6_REV,1.7993405494535817,1.0
CTECOAI7,1.7993405494535817,1.0
CTECOAI7_REV,1.7993405494535817,1.0
RXN-12490,-0.7235381958267559,1.0
RXN-12490_REV,-2.3979400086720375,1.0
GLUTRS,-0.22264248880699739,-0.22264248880699739
HYPOXANPRIBOSYLTRAN-RXN,0.3000185453422211,0.3000185453422211
GUANPRIBOSYLTRAN-RXN,0.5248193898330042,0.5248193898330042
XANPRIBOSYLTRAN-RXN,1.3133684252875835,1.3133684252875835
ADENYL-KIN-RXN,0.8211085647369403,0.8211085647369403
ADENYL-KIN-RXN_REV,0.8211085647369403,0.8211085647369403
DTDPKIN-RXN,2.4216039268698313,1.0
DTDPKIN-RXN_REV,1.0675948826023642,1.0675948826023642
GDPKIN-RXN,2.000693761743321,2.000693761743321
GDPKIN-RXN_REV,1.0675948826023642,1.0675948826023642
DGDPKIN-RXN,2.4216039268698313,1.0
DGDPKIN-RXN_REV,1.0675948826023642,1.0675948826023642
DADPKIN-RXN,2.4216039268698313,1.0
DADPKIN-RXN_REV,1.0675948826023642,1.0675948826023642
UDPKIN-RXN,2.4216039268698313,1.0
UDPKIN-RXN_REV,1.0675948826023642,1.0675948826023642
CDPKIN-RXN,2.4216039268698313,1.0
CDPKIN-RXN_REV,1.0675948826023642,1.0675948826023642
DUDPKIN-RXN,2.4216039268698313,1.0
DUDPKIN-RXN_REV,1.0675948826023642,1.0675948826023642
DCDPKIN-RXN,2.4216039268698313,1.0
DCDPKIN-RXN_REV,1.0675948826023642,1.0675948826023642
DADK,2.5118833609788744,1.0
DADK_REV,0.8211085647369403,0.8211085647369403
DIHYDROOROT-RXN,0.27184160653649897,1.0
DIHYDROOROT-RXN_REV,0.3944516808262163,1.0
OROTPDECARB-RXN,1.6232492903979006,1.0
CITSYN-RXN,1.5968285922055028,1.5968285922055028
ACETALD-DEHYDROG-RXN,1.1817904838745399,1.1817904838745399
ACETALD-DEHYDROG-RXN_REV,1.0304067821097742,1.0304067821097742
INORGPYROPHOSPHAT-RXN,2.413571898317903,2.413571898317903
TRIPHOSPHATASE-RXN,1.7269647960288643,1.7269647960288643
NTD6,0.37390865560196235,0.37390865560196235
RXN-7607,0.7507550120142498,0.7507550120142498
NTD4,0.7507550120142498,0.7507550120142498
RXN-14142,0.37390865560196235,0.37390865560196235
NTD2,0.7507550120142498,0.7507550120142498
XMPXAN-RXN,0.7507550120142498,0.7507550120142498
NTD3,0.37390865560196235,0.37390865560196235
AMP-DEPHOSPHORYLATION-RXN,0.7507550120142498,0.7507550120142498
RXN-7609,0.7507550120142498,0.7507550120142498
NTD1,0.37390865560196235,0.37390865560196235
NTD5,0.37390865560196235,0.37390865560196235
PEPCARBOXYKIN-RXN,-0.17392519729917355,1.0
1.1.1.39-RXN,2.6240741634405187,2.6240741634405187
ALARACECAT-RXN,2.128133756105543,2.128133756105543
ALARACECAT-RXN_REV,1.8282105396246147,1.8282105396246147
ALANINE-AMINOTRANSFERASE-RXN,-0.47340546779439663,-0.47340546779439663
ALANINE-AMINOTRANSFERASE-RXN_REV,0.05444279306735774,0.05444279306735774
XYLULOKIN-RXN,3.8195439355418688,1.0
GLYCEROL-KIN-RXN,3.690196080028514,1.0
PPM,1.6774053868690515,1.6774053868690515
PPM_REV,1.6774053868690515,1.6774053868690515
D-PPENTOMUT-RXN,1.0086001717619175,1.0
D-PPENTOMUT-RXN_REV,1.0086001717619175,1.0
ASPTA,1.9582246761149378,1.9582246761149378
ASPTA_REV,1.906594845064256,1.906594845064256
CYSTA,1.755272505103306,1.755272505103306
PYK3,3.5056925074122,1.0
PEPDEPHOS-RXN,3.5056925074122,1.0
PYK2,3.5056925074122,1.0
PYK4,3.5056925074122,1.0
DARAB5PISOM-RXN,2.406540180433955,1.0
DARAB5PISOM-RXN_REV,2.2980719288979796,2.2980719288979796
ACETOLACTSYN-RXN,1.4309391285297433,1.4309391285297433
ACETOOHBUTSYN-RXN,1.278868263754434,1.278868263754434
2.5.1.19-RXN,1.3905044697235036,1.3905044697235036
2.5.1.19-RXN_REV,0.03740822032258739,0.03740822032258739
PRTRANS-RXN,0.6332297365640368,0.6332297365640368
ANTHRANSYN-RXN,1.4440335567037184,1.4440335567037184
PREPHENATEDEHYDRAT-RXN,3.2860071220794747,1.0
CHORISMATEMUT-RXN,2.098821633242604,2.098821633242604
CHORISMATE-SYNTHASE-RXN,-2.0809219076239263,1.0
IGPSYN-RXN,0.21059640234332674,0.21059640234332674
PRAISOM-RXN,1.630698200896827,1.630698200896827
2PGADEHYDRAT-RXN,1.7218106152125465,1.0
2PGADEHYDRAT-RXN_REV,1.1894903136993675,1.0
METHGLYSYN-RXN,2.428485216741246,2.428485216741246
PGLUCISOM-RXN,3.441695135640717,1.0
PGLUCISOM-RXN_REV,3.441695135640717,1.0
PHOSGLYPHOS-RXN,2.7237805588357134,2.7237805588357134
PHOSGLYPHOS-RXN_REV,2.7237805588357134,2.7237805588357134
KDPGALDOL-RXN,1.5221914735367683,1.5221914735367683
OXALODECARB-RXN,2.061988016596231,2.061988016596231
RIBULP3EPIM-RXN,2.9395192526186187,1.0
RIBULP3EPIM-RXN_REV,2.9395192526186187,1.0
TRANSALDOL-RXN,1.2740278992316283,1.2740278992316283
TRANSALDOL-RXN_REV,1.359835482339888,1.0
ALCD19,1.1511925386538493,1.1511925386538493
ALCD19_REV,1.1511925386538493,1.1511925386538493
ALCOHOL-DEHYDROG-RXN,1.5657339829424002,1.5657339829424002
ALCOHOL-DEHYDROG-RXN_REV,2.479310030989157,2.479310030989157
ALDD2y,-0.04410702577871434,-0.04410702577871434
NADDP,1.2855573090077739,1.0
2.7.7.1-RXN,0.6483325951307656,0.6483325951307656
NICONUCADENYLYLTRAN-RXN,0.6483325951307656,0.6483325951307656
NICONUCADENYLYLTRAN-RXN_REV,0.6483325951307656,0.6483325951307656
PYRIMSYN3-RXN,-1.154901959985743,1.0
OHMETPYRKIN-RXN,-0.36653154442041347,1.0
DEOXYINOPHOSPHOR-RXN,1.7408967417814907,1.7408967417814907
DEOXYINOPHOSPHOR-RXN_REV,1.2942995178731063,1.2942995178731063
ADENPHOSPHOR-RXN,1.1719880459731098,1.1719880459731098
ADENPHOSPHOR-RXN_REV,1.6200996163615582,1.6200996163615582
INOPHOSPHOR-RXN,2.5907320516320644,2.5907320516320644
INOPHOSPHOR-RXN_REV,1.6200996163615582,1.6200996163615582
DEOXYGUANPHOSPHOR-RXN,1.7332833191567563,1.7332833191567563
DEOXYGUANPHOSPHOR-RXN_REV,1.2942995178731063,1.2942995178731063
RXN0-5199,1.5607977992715791,1.5607977992715791
RXN0-5199_REV,1.6200996163615582,1.6200996163615582
DEOXYADENPHOSPHOR-RXN,1.6932629116166318,1.6932629116166318
DEOXYADENPHOSPHOR-RXN_REV,1.6200996163615582,1.6200996163615582
OROPRIBTRANS-RXN,-0.5528419686577808,-0.5528419686577808
OROPRIBTRANS-RXN_REV,-0.21467016498923297,1.0
RBFSa,-1.2762662794254322,-1.2762662794254322
PHOSACETYLTRANS-RXN,1.999391134915868,1.999391134915868
PHOSACETYLTRANS-RXN_REV,2.951464905683773,2.951464905683773
PTAALT-RXN,2.101338031357639,2.101338031357639
ACETATEKIN-RXN,2.473561507259948,2.473561507259948
ACETATEKIN-RXN_REV,2.9544322823132863,2.9544322823132863
UDCPDPS,-0.005332467428073885,-0.005332467428073885
TETRAACYLDISACC4KIN-RXN,0.38021124171160603,1.0
RXN0-5107,1.6334684555795864,1.0
NTPP1,1.8055960304342171,1.8055960304342171
RXN-14139,1.9777236052888478,1.0
NTPP4,1.4116197059632303,1.0
ATP-PYROPHOSPHATASE-RXN,1.8055960304342171,1.8055960304342171
NTPP3,1.2405492482825997,1.0
NTPP2,1.8055960304342171,1.8055960304342171
NTPP5,1.8055960304342171,1.8055960304342171
NTPTP1,3.6020599913279625,1.0
IPMD,1.5887676436850362,1.5887676436850362
RXN0-743,1.1397422145146048,1.1397422145146048
RXN0-743_REV,1.156605375733167,1.156605375733167
AMPSYN-RXN,-0.30478423723438114,-0.30478423723438114
AMPSYN-RXN_REV,-0.30478423723438114,-0.30478423723438114
AICARSYN-RXN,-0.30478423723438114,-0.30478423723438114
AICARSYN-RXN_REV,-0.30478423723438114,-0.30478423723438114
THIORDXi,0.505149978319906,1.0
1.8.4.14-RXN,0.9817929834376037,0.9817929834376037
THIOREDOXIN-REDUCT-NADPH-RXN,1.2598462579567615,1.2598462579567615
1.8.4.8-RXN,0.0630657036309922,0.0630657036309922
THYMIDYLATESYN-RXN,1.2296962438796153,1.2296962438796153
P-PANTOCYSLIG-RXN,0.20344033502456235,0.20344033502456235
LYSAM,-1.080921907623926,1.0
LYSAM_REV,-1.080921907623926,1.0
FUMHYDR-RXN,2.77582847651286,2.77582847651286
FUMHYDR-RXN_REV,2.032079186231559,2.032079186231559
D--TARTRATE-DEHYDRATASE-RXN,1.2966651902615312,1.0
PMPOXI-RXN,1.4471580313422192,1.0
PNPOXI-RXN,-1.0595932038596043,-1.0595932038596043
PSERTRANSAMPYR-RXN,0.3961993470957364,1.0
PSERTRANSAMPYR-RXN_REV,-0.09633269892717654,-0.09633269892717654
PSERTRANSAM-RXN,0.3961993470957364,1.0
SUCCINYLDIAMINOPIMTRANS-RXN,1.380211241711606,1.0
SUCCINYLDIAMINOPIMTRANS-RXN_REV,1.380211241711606,1.0
GLUTRR,-0.8239087409443188,1.0
ADMDC,-0.7843181179205063,-0.7843181179205063
ARGDECARBOX-RXN,0.021110211524268653,0.021110211524268653
APCS,0.6193932500214946,0.6193932500214946
SPERMIDINESYN-RXN,1.3560258571931227,1.0
GSAAMINOTRANS-RXN,-0.022276394711152253,1.0
GSAAMINOTRANS-RXN_REV,-0.022276394711152253,1.0
CPM-KDOSYNTH-RXN,1.159083860064483,1.159083860064483
5.4.2.10-RXN,-0.481246911154161,-0.481246911154161
5.4.2.10-RXN_REV,-0.481246911154161,-0.481246911154161
UAGDP,0.9588162622927805,0.9588162622927805
G1PACT,2.5884251208385116,2.5884251208385116
UDPNACETYLGLUCOSAMENOLPYRTRANS-RXN,-0.28635371560635714,-0.28635371560635714
GLUTRACE-RXN,1.223358927512391,1.223358927512391
GLUTRACE-RXN_REV,1.70697975352886,1.70697975352886
UDPGLCNACEPIM-RXN,0.8744427200047584,0.8744427200047584
UDPGLCNACEPIM-RXN_REV,0.8744427200047584,0.8744427200047584
3OAS161,-1.1432547284530288,-1.1432547284530288
3OAS141,-1.1432547284530288,-1.1432547284530288
3OAS180,-1.1432547284530288,-1.1432547284530288
3OAS121,-1.1432547284530288,-1.1432547284530288
3-OXOACYL-ACP-SYNTH-BASE-RXN,-1.274703819669034,-1.274703819669034
H2PTERIDINEPYROPHOSPHOKIN-RXN,-0.769551078621726,1.0
PANTEPADENYLYLTRAN-RXN,0.6577249542051081,1.0
DXPREDISOM-RXN,0.6271743573377775,0.6271743573377775
GABATRANSAM-RXN,1.675778341674085,1.0
ACETYLORNTRANSAM-RXN,0.05207277527700408,0.05207277527700408
ACETYLORNTRANSAM-RXN_REV,0.05207277527700408,0.05207277527700408
SUCCSEMIALDDEHYDROG-RXN,0.9472050304298612,0.9472050304298612
SUCCINATE-SEMIALDEHYDE-DEHYDROGENASE-RXN,1.3670986812814265,1.3670986812814265
4.3.1.17-RXN,2.6530402663031345,2.6530402663031345
THRD,1.8030291231492785,1.8030291231492785
ACETOLACTREDUCTOISOM-RXN,-0.014789009693028024,-0.014789009693028024
ACETOLACTREDUCTOISOM-RXN_REV,-0.08163421794632784,-0.08163421794632784
DPR,1.3403964330233127,1.3403964330233127
ACETOOHBUTREDUCTOISOM-RXN,-0.37001624757267054,-0.37001624757267054
ACETOOHBUTREDUCTOISOM-RXN_REV,0.013871353169274184,0.013871353169274184
ACCOAC,1.2715122424103809,1.2715122424103809
NAD-KIN-RXN,1.1815233874800153,1.1815233874800153
GLYOXI-RXN,2.409440294927295,2.409440294927295
DXS-RXN,0.6640880549423774,0.6640880549423774
RXN0-302,0.3433181346311467,0.3433181346311467
PHOSMANMUT-RXN,0.35793484700045375,1.0
PHOSMANMUT-RXN_REV,0.6258483045291986,0.6258483045291986
ICL,1.228271234943703,1.228271234943703
GLYCL,2.7041505168397992,1.0
PYRUVDEH-RXN,1.069927447556354,1.069927447556354
2OXOGLUTARATEDEH-RXN,2.7041505168397992,1.0
MMUM-RXN,-0.42021640338318983,1.0
HCYSMT,-0.42021640338318983,1.0
TRE6PHYDRO-RXN,0.3424487435241996,0.3424487435241996
PPC,2.7323937598229686,1.0
GTP-CYCLOHYDRO-II-RXN,-0.4863467363607781,-0.4863467363607781
PGLYCP,1.9731278535996986,1.0
GLYOCARBOLIG-RXN,1.276461804173244,1.0
GLCRAL,1.436162647040756,1.0
3OAS181,-1.537602002101044,1.0
QUINOPRIBOTRANS-RXN,-0.8538719643217619,1.0
AACPS8,-1.7958800173440752,1.0
AACPS6,-1.7958800173440752,1.0
MALONYL-COA-ACP-TRANSACYL-RXN,-0.6639510710321412,-0.6639510710321412
MALONYL-COA-ACP-TRANSACYL-RXN_REV,0.4716776324694032,0.4716776324694032
AACPS2,-1.7958800173440752,1.0
AACPS3,-1.7958800173440752,1.0
AACPS1,-1.7958800173440752,1.0
ACOATA,-1.2685285237385455,-1.2685285237385455
ACOATA_REV,-0.819754300078695,-0.819754300078695
UDPNACETYLGLUCOSAMACYLTRANS-RXN,1.021189299069938,1.0
UDPNACETYLGLUCOSAMACYLTRANS-RXN_REV,1.021189299069938,1.0
SUCCDIAMINOPIMDESUCC-RXN,2.0796757890726263,2.0796757890726263
ADENPRIBOSYLTRAN-RXN,0.47832668900637243,0.47832668900637243
RXN-8992,-1.0,-1.0
CATAL-RXN,3.189510758812164,3.189510758812164
RXN-10819,1.1682298669242648,1.1682298669242648
3.6.1.41-RXN,1.543543748006833,1.543543748006833
AP5AH,-0.12907204776008818,-0.12907204776008818
RXN-7913,1.849323836049079,1.849323836049079
RXN-7913_REV,1.1476293383251344,1.1476293383251344
RXN-11832,1.9138925976817145,1.9138925976817145
RXN-11832_REV,1.1476293383251344,1.1476293383251344
RXN-12002,2.5397598523638707,2.5397598523638707
RXN-12002_REV,2.5397598523638707,2.5397598523638707
GUANYL-KIN-RXN,2.018074814872927,2.018074814872927
GUANYL-KIN-RXN_REV,2.018074814872927,2.018074814872927
GMKALT-RXN,2.018074814872927,2.018074814872927
GMKALT-RXN_REV,2.018074814872927,2.018074814872927
ACETOACETYL-COA-TRANSFER-RXN,2.462397997898956,1.0
HXCT,2.462397997898956,1.0
BUTCT,2.462397997898956,1.0
DTDPGLUCOSEPP-RXN,0.4623979978989561,1.0
DTDPGLUCDEHYDRAT-RXN,-0.7620466672578976,-0.7620466672578976
DTDPDEHYDRHAMEPIM-RXN,1.591064607026499,1.0
DTDPDEHYRHAMREDUCT-RXN,1.462397997898956,1.0
RXN0-4301,-0.3287886595888969,-0.3287886595888969
RXN-9510,1.1903316981702914,1.0
RXN-12444,1.5314789170422551,1.0
FLVR,1.8435414223021853,1.8435414223021853
FADRx,0.9608121978108787,0.9608121978108787
GDPPYPHOSKIN-RXN,1.863322860120456,1.0
GTPPYPHOSKIN-RXN,1.5140415035089192,1.5140415035089192
PROTOHEMEFERROCHELAT-RXN,-1.227378431248774,-1.227378431248774
DEPHOSPHOCOAKIN-RXN,-1.4254936516360295,-1.4254936516360295
KDOPS,0.6772697568072834,0.6772697568072834
KDO-8PPHOSPHAT-RXN,-0.706066252127288,-0.706066252127288
GSPMDA,0.3222192947339193,1.0
DTMPKI-RXN,0.9493900066449128,0.9493900066449128
DTMPKI-RXN_REV,0.9493900066449128,0.9493900066449128
PHOSPHOGLUCMUT-RXN,1.5339744919117941,1.5339744919117941
PHOSPHOGLUCMUT-RXN_REV,1.5339744919117941,1.5339744919117941
ALKP,1.0922647630811508,1.0922647630811508
RIBOSYLHOMOCYSTEINASE-RXN,-0.7217892001159588,-0.7217892001159588
BADH-RXN,1.416340555861774,1.416340555861774
BETALDHy,1.076829931409881,1.076829931409881
PYRNUTRANSHYDROGEN-RXN,2.296203308582034,2.296203308582034
ACPS1,-1.1691256579764362,-1.1691256579764362
GMP-SYN-GLUT-RXN,0.4081418587708388,0.4081418587708388
GMP-SYN-NH3-RXN,0.3700628684828653,0.3700628684828653
PABASYN-RXN,-0.5655321517154803,-0.5655321517154803
CHRPL,-0.21855630935306042,-0.21855630935306042
URACIL-PRIBOSYLTRANS-RXN,0.260241766370396,0.260241766370396
CTPSYN-RXN,1.126669002663053,1.126669002663053
PAPPT3,0.7267272090265723,1.0
UAGPT3,0.1318648749459756,0.1318648749459756
HPYRRx,-0.6020599913279624,1.0
GLYCLTDx,4.1153612629402,4.1153612629402
GLYOXYLATE-REDUCTASE-NADP+-RXN,5.178967423500227,5.178967423500227
RXN0-300,4.977121254719663,4.977121254719663
ACETYLORNDEACET-RXN,3.57978359661681,1.0
ADDALT-RXN,1.0606978403536116,1.0
ADENODEAMIN-RXN,1.0606978403536116,1.0
ADENYLOSUCCINATE-SYNTHASE-RXN,0.23417366520607863,0.23417366520607863
AGDC,1.3381807638942396,1.3381807638942396
ASPARAGHYD-RXN,1.656927921112041,1.656927921112041
ASPCARBTRANS-RXN,2.1201360549737576,2.1201360549737576
DIAMINOPIMEPIM-RXN,1.255850420775176,1.255850420775176
DIAMINOPIMEPIM-RXN_REV,1.255850420775176,1.255850420775176
SUCCORNTRANSAM-RXN,0.47712125471966244,1.0
THRESYN-RXN,0.45615761281345396,0.45615761281345396
DAHPSYN-RXN,1.063069053370047,1.063069053370047
NMNAMIDOHYDRO-RXN,0.09628372666827281,0.09628372666827281
P5CD,0.2041199826559248,1.0
SPERMACTRAN-RXN,-0.399992418505643,-0.399992418505643
RXN0-7165,-0.399992418505643,-0.399992418505643
MALSYN-RXN,1.4552313611383338,1.4552313611383338
ADPRDP,1.0164219693663505,1.0164219693663505
GLUC1PURIDYLTRANS-RXN,1.0548122054474012,1.0548122054474012
UDPHYDROXYMYRGLUCOSAMNACETYLTRANS-RXN,1.0668589755849494,1.0668589755849494
UAAGDS,0.11394335230683679,1.0
UDP-NACMUR-ALA-LIG-RXN,0.0,1.0
OP4ENH,1.741917767243536,1.741917767243536
HOPNTAL,0.6978620369452967,0.6978620369452967
ASP1DC,-0.18708664335714442,1.0
UDPACYLGLCNACDEACETYL-RXN,0.0836358999002853,0.0836358999002853
ATPPRT,0.32255654550334034,0.32255654550334034
HISTD,0.13385812520333468,1.0
HISTP,1.8464819900619085,1.8464819900619085
IMIDPHOSDEHYD-RXN,3.0,1.0
PRPPS,-0.1804560644581313,1.0
PRPPS_REV,1.228643556224396,1.228643556224396
PRIBFAICARPISOM-RXN,1.3302430078924838,1.3302430078924838
PRIBFAICARPISOM-RXN_REV,1.3302430078924838,1.3302430078924838
SERINE-O-ACETTRAN-RXN,0.14916619850463922,0.14916619850463922
SERINE-O-ACETTRAN-RXN_REV,0.14916619850463922,0.14916619850463922
ACSERLY-RXN,1.608293490883377,1.608293490883377
325-BISPHOSPHATE-NUCLEOTIDASE-RXN,1.0439070973272158,1.0439070973272158
PAPSR2,0.0630657036309922,0.0630657036309922
ASPARTATE-SEMIALDEHYDE-DEHYDROGENASE-RXN,2.127958456430194,2.127958456430194
ASPARTATE-SEMIALDEHYDE-DEHYDROGENASE-RXN_REV,1.9484118342653791,1.9484118342653791
DIAMINOPIMDECARB-RXN,0.681515209905446,0.681515209905446
S-ADENMETSYN-RXN,0.07228710380480818,0.07228710380480818
GKI-RXN,2.5440680443502757,1.0
AIRC2,1.0829143655983544,1.0829143655983544
GLUCOKIN-RXN,2.289697421700835,2.289697421700835
MALIC-NADP-RXN,1.823474229170301,1.0
CARBPSYN-RXN,0.938108920295821,0.938108920295821
IPPS,0.8543195562182078,0.8543195562182078
2.3.1.180-RXN,-1.2557246417497778,-1.2557246417497778
ADENOSYLHOMOCYSTEINE-NUCLEOSIDASE-RXN,-0.7068700759091856,-0.7068700759091856
METHYLTHIOADENOSINE-NUCLEOSIDASE-RXN,0.7248780096730967,0.7248780096730967
P5CR,3.066769454185109,3.066769454185109
MCPST,1.0969100130080565,1.0
THIOSULFATE-SULFURTRANSFERASE-RXN,2.5085166696493904,2.5085166696493904
CYTDEAM-RXN,2.2671717284030137,1.0
L-GLN-FRUCT-6-P-AMINOTRANS-RXN,1.235528446907549,1.0
GLUTCYSLIG-RXN,1.7545789356798889,1.7545789356798889
GLUTAMIN-RXN,0.9590657557214801,0.9590657557214801
ORNCARBAMTRANSFER-RXN,1.6901960800285136,1.0
ORNCARBAMTRANSFER-RXN_REV,1.954242509439325,1.0
GART-RXN,0.27689282300012014,0.27689282300012014
GART-RXN_REV,0.27689282300012014,0.27689282300012014
GPDDA3,0.4471580313422192,0.4471580313422192
GPDDA1,-0.2982311910944817,-0.2982311910944817
GPDDA2,-0.2982311910944817,-0.2982311910944817
GPDDA4,0.5185139398778874,0.5185139398778874
METHYLISOCITRATE-LYASE-RXN,1.626575498879859,1.626575498879859
METHYLISOCITRATE-LYASE-RXN_REV,1.626575498879859,1.626575498879859
PORPHOBILSYNTH-RXN,1.2068258760318498,1.0
PRFGS,-1.3010299956639813,1.0
ETHAMLY-RXN,2.3134267073333628,2.3134267073333628
RXN0-5408,0.9941018879526067,0.9941018879526067
2-METHYLCITRATE-SYNTHASE-RXN,0.9164539485499251,1.0
ATPASE-RXN,-0.27032772479060263,-0.27032772479060263
RXN0-5462,-0.26160577420478015,-0.26160577420478015
NTP10,0.00919807060874194,0.00919807060874194
NTP5,-0.22914798835785583,1.0
GLU6PDEHYDROG-RXN,2.7120211980134474,2.7120211980134474
GLU6PDEHYDROG-RXN_REV,2.9846803263016395,2.9846803263016395
MOHMT,-0.10623823794205664,1.0
UGD-RXN,0.9203192786436853,0.9203192786436853
GLUTDECARBOX-RXN,0.6145638401365376,0.6145638401365376
CYSTATHIONINE-BETA-LYASE-RXN,1.6560982020128319,1.0
SHSL1,1.3599327249918671,1.3599327249918671
ACACT7r,3.401734787982715,3.401734787982715
ACACT7r_REV,3.401734787982715,3.401734787982715
RXN-12565,3.401734787982715,3.401734787982715
RXN-12565_REV,3.401734787982715,3.401734787982715
ACACT3r,3.401734787982715,3.401734787982715
ACACT3r_REV,3.401734787982715,3.401734787982715
ACACT6r,3.401734787982715,3.401734787982715
ACACT6r_REV,3.401734787982715,3.401734787982715
ACACT5r,3.401734787982715,3.401734787982715
ACACT5r_REV,3.401734787982715,3.401734787982715
RXN-13617,3.401734787982715,3.401734787982715
RXN-13617_REV,3.401734787982715,3.401734787982715
ACETYL-COA-ACETYLTRANSFER-RXN,3.401734787982715,3.401734787982715
ACETYL-COA-ACETYLTRANSFER-RXN_REV,3.401734787982715,3.401734787982715
RXN0-5114,-1.0742248231472171,-1.0742248231472171
RXN-16701,1.5224442335063197,1.0
RXN-16701_REV,1.5224442335063197,1.0
PGLYCDEHYDROG-RXN,2.7060690581258453,2.7060690581258453
GTP-CYCLOHYDRO-I-RXN,-2.7072696352457495,-2.7072696352457495
UDPGALPpp,1.9841352063907352,1.9841352063907352
NTD2pp,0.7507550120142498,0.7507550120142498
NTD1pp,0.37390865560196235,0.37390865560196235
NTD3pp,0.37390865560196235,0.37390865560196235
UACGAMPpp,1.9841352063907352,1.9841352063907352
NTD5pp,0.37390865560196235,0.37390865560196235
NTD4pp,0.7507550120142498,0.7507550120142498
NTD6pp,0.37390865560196235,0.37390865560196235
UDPGPpp,1.9395004124016058,1.9395004124016058
UACGALPpp,1.9841352063907352,1.9841352063907352
METS,-0.25734446717056153,-0.25734446717056153
RXN0-5289,2.385606273598312,1.0
RXN0-5289_REV,2.385606273598312,1.0
MTHFR2,1.7403626894942439,1.0
ASPO6,0.34162378449691744,0.34162378449691744
H2PTEROATESYNTH-RXN,-0.9625735020593764,1.0
NODOx,1.919078092376074,1.0
NODOy,2.3725764475384503,2.3725764475384503
RXN-6622,1.2415722710050339,1.2415722710050339
GPDDA2pp,-0.2982311910944817,-0.2982311910944817
GPDDA4pp,0.5185139398778874,0.5185139398778874
GPDDA3pp,0.4471580313422192,0.4471580313422192
GPDDA1pp,-0.2982311910944817,-0.2982311910944817
RXN0-1483,0.5921767573958668,1.0
CBLAT,-1.5302403736906909,-1.5302403736906909
CBLAT_REV,-1.7986674197068047,-1.7986674197068047
BTUR2-RXN,-1.5302403736906909,-1.5302403736906909
BTUR2-RXN_REV,-1.7986674197068047,-1.7986674197068047
FACOAE100,-0.9264259438315328,-0.9264259438315328
FACOAE140,-0.9264259438315328,-0.9264259438315328
FACOAE160,-0.9264259438315328,-0.9264259438315328
FACOAE120,-0.9264259438315328,-0.9264259438315328
FACOAE180,-0.9264259438315328,-0.9264259438315328
PPGPPSYN-RXN,0.47712125471966244,1.0
RXN0-6427,0.47712125471966244,1.0
GGPTRCS,0.7737864449811935,1.0
RXN0-6382,1.8055960304342171,1.8055960304342171
FALDH2,-0.19395036206777905,-0.19395036206777905
FALDH2_REV,-0.19395036206777905,-0.19395036206777905
HSTPT,0.3059004422824068,0.3059004422824068
2.7.7.60-RXN,0.7717937968614708,0.7717937968614708
GLUTDEHYD-RXN,1.0470765326575038,1.0470765326575038
GLUTDEHYD-RXN_REV,2.0173439339649515,2.0173439339649515
GLUTAMATESYN-RXN,1.4885507165004443,1.0
GLYOXII-RXN,2.5964871337365443,1.0
HXAND,-0.12493873660829995,1.0
XAND,1.503515003402204,1.503515003402204
NNDMBRT,1.5797835966168101,1.0
ERYTH4PDEHYDROG-RXN,2.2644583501388276,2.2644583501388276
ERYTH4PDEHYDROG-RXN_REV,2.2644583501388276,2.2644583501388276
DUTP-PYROP-RXN,0.9806444989577202,0.9806444989577202
DHFR,1.6217691342825644,1.6217691342825644
DHFR_REV,1.2681791237791693,1.2681791237791693
SHIKIMATE-KINASE-RXN,1.6289054247054926,1.6289054247054926
DAPASYN-RXN,-0.048455006504028196,-0.048455006504028196
DAPASYN-RXN_REV,-0.9596550459767241,-0.9596550459767241
N-ACETYLTRANSFER-RXN,-0.6575773191777937,1.0
PDE4,-2.6593125205529935,-2.6593125205529935
RXN0-5038,-2.730995769834481,-2.730995769834481
DALADALALIG-RXN,0.7920240011347894,0.7920240011347894
DALADALALIG-RXN_REV,0.80079175357472,0.80079175357472
SUCCCOASYN-RXN,1.274830152775814,1.274830152775814
SUCCCOASYN-RXN_REV,2.303196057420489,1.0
PANTOATE-BETA-ALANINE-LIG-RXN,0.22034092369805527,0.22034092369805527
3-DEHYDROQUINATE-SYNTHASE-RXN,1.4243337573545791,1.4243337573545791
3PGAREARR-RXN,3.505149978319906,3.505149978319906
3PGAREARR-RXN_REV,3.505149978319906,3.505149978319906
TRIOSEPISOMERIZATION-RXN,3.9546517260314378,3.9546517260314378
TRIOSEPISOMERIZATION-RXN_REV,4.318428014668432,4.318428014668432
RPI,2.9491779937483735,2.9491779937483735
RPI_REV,4.596926814342971,1.0
ERYTHRON4PDEHYDROG-RXN,0.146128035678238,1.0
ERYTHRON4PDEHYDROG-RXN_REV,0.07536601828582497,0.07536601828582497
LSERDHr,0.6232492903979004,1.0
LSERDHr_REV,0.6918358869105563,0.6918358869105563
RXN-8974,-0.6777807052660807,-0.6777807052660807
ATHRDHr,0.7604224834232121,1.0
ATHRDHr_REV,0.5372699854135196,0.5372699854135196
GLNS,0.47712125471966244,1.0
GLUTATHIONE-SYN-RXN,0.897724501626012,0.897724501626012
CYSSADS,1.1791722906798574,1.1791722906798574
HEMN-RXN,2.9542425094393248,1.0
PLIPA1A140pp,-1.2441251443275085,1.0
PLIPA1E160pp,-1.2441251443275085,1.0
PLIPA1A141pp,-1.2441251443275085,1.0
PLIPA1A120pp,-1.2441251443275085,1.0
PLIPA1A160pp,-1.2441251443275085,1.0
PLIPA1E180pp,-1.2441251443275085,1.0
PLIPA1A180pp,-1.2441251443275085,1.0
DURADx,-0.18708664335714442,1.0
DURADx_REV,-0.1938200260161128,1.0
DLACTDEHYDROGNAD-RXN,0.9494850521212675,0.9494850521212675
DLACTDEHYDROGNAD-RXN_REV,2.4756538816816462,2.4756538816816462
EAR160x,0.7061710535128839,0.7061710535128839
EAR161y,2.114610984232173,1.0
EPMEACPR,2.114610984232173,1.0
EAR160y,2.114610984232173,1.0
EGMEACPR,2.114610984232173,1.0
EAR161x,0.7061710535128839,0.7061710535128839
EAR121x,0.7061710535128839,0.7061710535128839
EAR141x,0.7061710535128839,0.7061710535128839
EAR180x,0.7061710535128839,0.7061710535128839
EAR181y,2.114610984232173,1.0
EAR121y,2.114610984232173,1.0
EAR141y,2.114610984232173,1.0
EAR181x,0.7061710535128839,0.7061710535128839
EAR180y,2.114610984232173,1.0
3OAR140,0.916485727144136,0.916485727144136
3OAR140_REV,0.8797693825288257,0.8797693825288257
3OAR120,0.916485727144136,0.916485727144136
3OAR120_REV,0.8797693825288257,0.8797693825288257
3OAR40,0.916485727144136,0.916485727144136
3OAR40_REV,0.8797693825288257,0.8797693825288257
3OAR181,0.916485727144136,0.916485727144136
3OAR180,0.916485727144136,0.916485727144136
3OAR180_REV,0.8797693825288257,0.8797693825288257
3OAR100,0.916485727144136,0.916485727144136
3OAR100_REV,0.8797693825288257,0.8797693825288257
3OAR141,0.916485727144136,0.916485727144136
3OAR60,0.916485727144136,0.916485727144136
3OAR60_REV,0.8797693825288257,0.8797693825288257
3OAR160,0.916485727144136,0.916485727144136
3OAR160_REV,0.8797693825288257,0.8797693825288257
3OAR161,0.916485727144136,0.916485727144136
3OAR121,0.916485727144136,0.916485727144136
3OAR80,0.916485727144136,0.916485727144136
3OAR80_REV,0.8797693825288257,0.8797693825288257
CFAS160G,0.11425841626359484,0.11425841626359484
CFAS180G,0.11425841626359484,0.11425841626359484
CFAS160E,0.11425841626359484,0.11425841626359484
CFAS180E,0.11425841626359484,0.11425841626359484
PGPP160,1.380211241711606,1.0
PGPP161pp,1.380211241711606,1.0
PGPP160pp,1.380211241711606,1.0
PGPP180,1.380211241711606,1.0
PGPP180pp,1.380211241711606,1.0
PGPP181pp,1.380211241711606,1.0
PGPP161,1.380211241711606,1.0
PGPP181,1.380211241711606,1.0
PGPP120,1.380211241711606,1.0
PGPP120pp,1.380211241711606,1.0
MDDCP1pp,0.1760800903944636,0.1760800903944636
MDDCP4pp,0.1760800903944636,0.1760800903944636
MDDCP5pp,0.1760800903944636,0.1760800903944636
MDDCP3pp,0.1760800903944636,0.1760800903944636
MDDCP2pp,0.1760800903944636,0.1760800903944636
MLDCP1Bpp,2.2041199826559246,1.0
MLDCP2Bpp,2.2041199826559246,1.0
MLDCP2App,2.2041199826559246,1.0
MLDCP3App,2.2041199826559246,1.0
MLDCP1App,2.2041199826559246,1.0
S-FORMYLGLUTATHIONE-HYDROLASE-RXN,1.4548448600085102,1.0
LPLIPAL1A140pp,3.088922530071439,3.088922530071439
LPLIPAL1A120pp,3.088922530071439,3.088922530071439
LPLIPAL1A160pp,3.088922530071439,3.088922530071439
LPLIPAL1A141pp,3.088922530071439,3.088922530071439
LPLIPAL1A180pp,3.088922530071439,3.088922530071439
ACONTb,0.7160033436347992,1.0
ACONTb_REV,0.04139268515822508,1.0
ACONITATEDEHYDR-RXN,0.724275869600789,1.0
ACONITATEDEHYDR-RXN_REV,0.7160033436347992,1.0
GTHRDHpp,1.095169351431755,1.0
NADHPO,1.9206450014067875,1.0
ACOAD1f,0.3010299956639812,1.0
DHNPA2r,-1.662173102831569,-1.662173102831569
DHNPA2r_REV,-1.662173102831569,-1.662173102831569
RXN0-4022,-0.8477116556169435,1.0
RXN-3641,0.8920946026904804,1.0
RXN0-2044,-2.3979400086720375,1.0
RXN0-2044_REV,-0.7235381958267559,1.0
RXN-11484,-1.6883753548010496,-1.6883753548010496
RXN-11483,0.7895848218906378,0.7895848218906378
GHBDHx,3.123524980942732,1.0
GHBDHx_REV,3.123524980942732,1.0
LCYSDESULF-RXN,1.0791812460476249,1.0
RXN66-1,5.083762744319111,5.083762744319111
L-IDITOL-2-DEHYDROGENASE-RXN,0.43136376415898736,1.0
L-IDITOL-2-DEHYDROGENASE-RXN_REV,0.29182605427102193,0.29182605427102193
L-ASPARTATE-OXID-RXN,0.34162378449691744,0.34162378449691744
KYNURENINASE-RXN,1.2041199826559248,1.0
KETOGLUTREDUCT-RXN,1.5224442335063197,1.0
KETOGLUTREDUCT-RXN_REV,1.5224442335063197,1.0
KDO-8PSYNTH-RXN,0.6772697568072834,0.6772697568072834
ISPH2-RXN,0.5304810565469162,0.5304810565469162
ISOCITRATE-DEHYDROGENASE-NAD+-RXN,1.4314740947359788,1.4314740947359788
RXN1F-20,-2.1667992466917254,-2.1667992466917254
RXN-15881,-0.45383691434845425,-0.45383691434845425
HOMOSERINE-O-ACETYLTRANSFERASE-RXN,1.134929122861161,1.134929122861161
HOMOSERINE-O-ACETYLTRANSFERASE-RXN_REV,1.4913616938342726,1.0
HOMOGENTISATE-12-DIOXYGENASE-RXN,1.9003671286564703,1.0
HOMOCYSMET-RXN,-0.9208187539523752,1.0
HOMOCYSMET-RXN_REV,-0.9208187539523752,1.0
RXN0-884,0.5304810565469162,0.5304810565469162
HISTIDINE-AMMONIA-LYASE-RXN,2.406540180433955,1.0
RXN0-742,0.7708520116421442,1.0
GUANIDINOBUTYRASE-RXN,3.0051805125037805,1.0
GST-RXN,0.6493883467901703,0.6493883467901703
GSHTRAN-RXN,0.8012369292312109,0.8012369292312109
RXN0-7010,1.2968070062669714,1.2968070062669714
RXN0-7008,1.4937214024679006,1.4937214024679006
GLYCPDIESTER-RXN,0.3505008365660299,0.3505008365660299
RXN0-6952,-1.2441251443275085,1.0
GLUTAMATE-DEHYDROGENASE-NADP+-RXN,0.5224442335063199,1.0
GLUTAMATE-DEHYDROGENASE-NADP+-RXN_REV,2.2624510897304293,1.0
RXN0-5359,0.9252005739985792,0.9252005739985792
RXN0-5293,1.1503048388363128,1.1503048388363128
RXN0-5226,1.3671299358234987,1.3671299358234987
GAPOXNPHOSPHN-RXN,1.591185083762162,1.591185083762162
GAPOXNPHOSPHN-RXN_REV,1.3488631007085898,1.3488631007085898
RXN0-5225,-0.7090045172234731,-0.7090045172234731
GALACTITOL-2-DEHYDROGENASE-RXN,1.1433271299920464,1.0
RXN-15089,0.424881636631067,1.0
RXN0-4621,3.845098040014257,1.0
RXN0-4401,1.0,1.0
FGAMSYN-RXN,-1.3010299956639813,1.0
RXN0-4181,0.32607480270082645,0.32607480270082645
RXN0-3901,0.7737864449811935,1.0
RXN0-3241,1.4027390824057229,1.4027390824057229
ENZRXN-201-RXN,1.0790471427009025,1.0790471427009025
ENZRXN-201-RXN_REV,1.6484641596552092,1.6484641596552092
RXN0-262,-2.318758762624413,1.0
RXN0-2584,1.1802570509987347,1.1802570509987347
RXN0-2361,0.6839471307515121,1.0
DNA-LIGASE-NAD+-RXN,-1.0713337517843657,-1.0713337517843657
RXN0-2101,0.6989700043360189,1.0
RXN0-1441,1.0164219693663505,1.0164219693663505
DIHYDROPYRIMIDINASE-RXN,0.8729370633295281,0.8729370633295281
DIHYDROPYRIMIDINASE-RXN_REV,0.8729370633295281,0.8729370633295281
DIHYDRODIPICSYN-RXN,2.050589419080177,2.050589419080177
DIENOYLCOAREDUCT-RXN,0.9777236052888477,1.0
DEOXYRIBODIPYRIMIDINE-PHOTOLYASE-RXN,-0.9001177537782089,-0.9001177537782089
DCTP-DEAM-RXN,0.09342168516223506,1.0
RXN-9892,1.1274063944537502,1.1274063944537502
RXN-9892_REV,1.4962823921270527,1.4962823921270527
D-XYLULOSE-REDUCTASE-RXN,1.4127520055687888,1.4127520055687888
D-XYLULOSE-REDUCTASE-RXN_REV,1.4127520055687888,1.4127520055687888
RXN-14197,1.2511415205401017,1.2511415205401017
CDP-GLUCOSE-46-DEHYDRATASE-RXN,0.5670263661590603,1.0
RXN-14129,1.8785217955012066,1.0
RXN-14126,0.5217275661602725,0.5217275661602725
RXN-14116,0.2041199826559248,1.0
CARBOXYLESTERASE-RXN,1.6045199892724327,1.6045199892724327
RXN-14090,0.5217275661602725,0.5217275661602725
RXN-14014,1.3222192947339193,1.0
BETA-UREIDOPROPIONASE-RXN,0.19773718613862606,0.19773718613862606
BETA-LACTAMASE-RXN,1.282882150440843,1.282882150440843
ASPARTATEKIN-RXN,1.3838424595006493,1.3838424595006493
ARYLFORMAMIDASE-RXN,1.8014444072562164,1.8014444072562164
AMP-NUCLEOSID-RXN,1.792391689498254,1.0
RXN-9384,1.118981843217006,1.118981843217006
RXN-9384_REV,1.2843586297430745,1.2843586297430745
AMINOBUTDEHYDROG-RXN,0.1818059899460721,0.1818059899460721
AMINO-CARBOXYMUCONATE-SEMIALDEHYDE-RXN,0.894945462841743,0.894945462841743
ALLANTOIN-RACEMASE-RXN,2.3195140233934706,2.3195140233934706
ALLANTOIN-RACEMASE-RXN_REV,2.3195140233934706,2.3195140233934706
RXN-13614,-1.537602002101044,1.0
ALANINE-DEHYDROGENASE-RXN,2.3242824552976926,1.0
AGMATINE-DEIMINASE-RXN,0.45064821754227363,0.45064821754227363
RXN0-722,1.110589710299249,1.0
ACYL-COA-HYDROLASE-RXN,0.5035348496161235,0.5035348496161235
RXN-9659,0.7061710535128839,0.7061710535128839
PROTEIN-KINASE-RXN,-3.795880017344075,1.0
HOLO-ACP-SYNTH-RXN,-1.1691256579764362,-1.1691256579764362
ACETYLGLUTKIN-RXN,1.6302789534942828,1.6302789534942828
ACETYLGLUTKIN-RXN_REV,1.6302789534942828,1.6302789534942828
7KAPSYN-RXN,-1.8151441427876236,-1.8151441427876236
RXN-10659,0.916485727144136,0.916485727144136
RXN-16622,0.916485727144136,0.916485727144136
RXN-9516,-1.274703819669034,-1.274703819669034
RXN-7719,2.7041505168397992,1.0
RXN-7719_REV,1.6808167018217182,1.6808167018217182
5.3.3.14-RXN,1.1760912590556813,1.0
5.3.3.14-RXN_REV,1.1760912590556813,1.0
RXN-13088,2.1789769472931693,1.0
3-OXOACYL-ACP-REDUCT-RXN,0.916485727144136,0.916485727144136
5-NUCLEOTID-RXN,0.7507550120142498,0.7507550120142498
RXN0-747,1.110589710299249,1.0
4.2.99.18-RXN,-1.2830966021920507,-1.2830966021920507
RXN-8999,-0.005332467428073885,-0.005332467428073885
RXN-9556,0.916485727144136,0.916485727144136
RXN-8964,1.0569048513364727,1.0569048513364727
RXN-8964_REV,1.0569048513364727,1.0569048513364727
RXN-13449,-0.09327574706115138,-0.09327574706115138
4.1.1.77-RXN,1.8325089127062364,1.8325089127062364
4-HYDROXYPHENYLPYRUVATE-DIOXYGENASE-RXN,0.8325089127062363,0.8325089127062363
4-HYDROXY-2-KETOPIMELATE-LYSIS-RXN,1.9926133029596718,1.9926133029596718
RXN-9531,-1.274703819669034,-1.274703819669034
RXN-8668,0.9764451935525321,0.9764451935525321
ENOYL-ACP-REDUCT-NADH-RXN,0.7061710535128839,0.7061710535128839
3.4.11.18-RXN,0.23637881706976796,0.23637881706976796
3.5.99.5-RXN,2.3180633349627615,1.0
RXN-12746,0.8512583487190752,1.0
RXN-13138,2.906335041805091,1.0
3.5.2.17-RXN,2.2355284469075487,1.0
3.5.1.88-RXN,1.648085922334364,1.648085922334364
3.5.1.87-RXN,0.49300097084045325,0.49300097084045325
RXN-11478,0.7061710535128839,0.7061710535128839
3.5.1.80-RXN,2.187520720836463,1.0
RXN0-1132,2.7041505168397992,1.0
RXN-9663,0.7061710535128839,0.7061710535128839
RXN-9527,-1.274703819669034,-1.274703819669034
MYO-INOSITOL-1OR-4-MONOPHOSPHATASE-RXN,0.9941018879526067,0.9941018879526067
RXN-8771,-1.744727494896694,1.0
RXN-8769,-0.8259388941271046,-0.8259388941271046
1.8.4.12-RXN,-0.5038164278331853,-0.5038164278331853
1.8.4.12-RXN_REV,-0.5038164278331853,-0.5038164278331853
3.4.24.32-RXN,-0.7090045172234731,-0.7090045172234731
RXN-12625,1.3671299358234987,1.3671299358234987
RXN-9660,0.7061710535128839,0.7061710535128839
RXN-16626,0.916485727144136,0.916485727144136
RXN-9523,-1.274703819669034,-1.274703819669034
RXN-8674,0.146128035678238,1.0
RXN-8673,0.6232492903979004,1.0
RXN-8672,-0.036212172654444715,1.0
THIOSULFATE-DEHYDROGENASE-RXN,3.429630936772321,3.429630936772321
THIOSULFATE-DEHYDROGENASE-RXN_REV,3.629835432923809,3.629835432923809
RXN-8667,2.77771684891935,2.77771684891935
RXN-12561,3.401734787982715,3.401734787982715
RXN0-2145,0.7061710535128839,0.7061710535128839
RXN-9657,0.7061710535128839,0.7061710535128839
CYTOCHROME-C-OXIDASE-RXN,1.7693687548987895,1.7693687548987895
RXN66-550,0.9030899869919435,1.0
RXN0-748,1.110589710299249,1.0
RXN0-2141,-1.274703819669034,-1.274703819669034
RXN-10657,0.7061710535128839,0.7061710535128839
RXN-9535,-1.274703819669034,-1.274703819669034
RXN-9514,0.916485727144136,0.916485727144136
3.4.17.8-RXN,0.15713469534611485,0.15713469534611485
RXN-12299,1.6484641596552092,1.6484641596552092
3.4.13.9-RXN,2.037426497940624,1.0
3.4.11.2-RXN,0.9584515153346644,0.9584515153346644
RXN-11482,0.7061710535128839,0.7061710535128839
3.2.2.23-RXN,-2.0787489325848454,-2.0787489325848454
RXN-10654,-1.274703819669034,-1.274703819669034
RIBONUCLEOSIDE-DIP-REDUCTII-RXN,1.110589710299249,1.0
RXN-16616,0.916485727144136,0.916485727144136
CHER-RXN,-0.7772835288524168,1.0
RXN-11479,-1.274703819669034,-1.274703819669034
RXN0-5468,0.8545164447788127,0.8545164447788127
RXN0-1133,0.38021124171160603,1.0
RXN-8340,-3.154901959985743,1.0
RXN-16630,0.916485727144136,0.916485727144136
RXN-8629,2.7041505168397992,1.0
RXN-8629_REV,1.6808167018217182,1.6808167018217182
RXN-11476,0.916485727144136,0.916485727144136
RXN-9661,0.7061710535128839,0.7061710535128839
HYDROG-RXN,2.683947130751512,1.0
HYDROG-RXN_REV,2.683947130751512,1.0
BIOTIN-CARBOXYL-RXN,0.08990511143939793,1.0
2.3.1.179-RXN,-1.537602002101044,1.0
RXN0-7192,3.6176558970096058,3.6176558970096058
RXN-10661,0.7061710535128839,0.7061710535128839
3.1.1.23-RXN,0.424881636631067,1.0
RXN-9658,0.7061710535128839,0.7061710535128839
RXN-9539,-1.274703819669034,-1.274703819669034
FLAVONADPREDUCT-RXN,0.06861962168747804,0.06861962168747804
FLAVONADPREDUCT-RXN_REV,1.5492007111350388,1.5492007111350388
3-NUCLEOTID-RXN,0.5217275661602725,0.5217275661602725
CYTOCHROME-C-PEROXIDASE-RXN,1.262347152038076,1.262347152038076
3-HYDROXYPROPIONATE-DEHYDROGENASE-RXN,-0.6777807052660807,1.0
3-HYDROXYISOBUTYRATE-DEHYDROGENASE-RXN,1.1789769472931695,1.0
3-DEHYDROQUINATE-DEHYDRATASE-RXN,1.513848988797685,1.513848988797685
3-DEHYDROQUINATE-DEHYDRATASE-RXN_REV,1.1815969009287208,1.1815969009287208
25-DIOXOVALERATE-DEHYDROGENASE-RXN,0.6090575931522743,0.6090575931522743
2.8.3.7-RXN,1.0569048513364727,1.0
2.8.3.7-RXN_REV,1.0569048513364727,1.0569048513364727
RXN0-947,-0.6989700043360187,-0.6989700043360187
RXN0-2142,0.916485727144136,0.916485727144136
2.8.1.6-RXN,-2.579007597704943,-2.579007597704943
RXN-10658,-1.274703819669034,-1.274703819669034
RXN-11841,-3.0132282657337552,1.0
RXN-11839,-0.42631644610310676,-0.42631644610310676
RXN-9558,0.7061710535128839,0.7061710535128839
RXN-7716,2.7041505168397992,1.0
RXN-7716_REV,1.6808167018217182,1.6808167018217182
2.7.7.13-RXN,1.735324592594939,1.735324592594939
2.7.1.157-RXN,0.6267901447810915,0.6267901447810915
RXN-10655,0.916485727144136,0.916485727144136
RXN-7644,0.43136376415898736,1.0
RXN-7644_REV,0.29182605427102193,0.29182605427102193
2.6.1.37-RXN,0.8692317197309762,1.0
2.6.1.37-RXN_REV,0.9684829485539351,1.0
RXN-15682,2.259936755899177,2.259936755899177
3.4.11.1-RXN,1.5574873214313492,1.5574873214313492
RXN-7253,0.9941018879526067,0.9941018879526067
RXN-11480,0.916485727144136,0.916485727144136
RXN0-1134,0.661371680235493,0.661371680235493
LYSINE--TRNA-LIGASE-RXN,1.1396494892404683,1.1396494892404683
VALINE--TRNA-LIGASE-RXN,0.5704055081070301,0.5704055081070301
HISTIDINE--TRNA-LIGASE-RXN,2.113943352306837,2.113943352306837
THREONINE--TRNA-LIGASE-RXN,1.954242509439325,1.954242509439325
GLURS-RXN,0.036476681590670135,0.036476681590670135
RXN0-2161,0.8450980400142568,1.0
CDPREDUCT-RXN,1.110589710299249,1.0
METHIONINE--TRNA-LIGASE-RXN,1.1579268781657293,1.1579268781657293
ISOLEUCINE--TRNA-LIGASE-RXN,1.2753698482899034,1.2753698482899034
TRYPTOPHAN--TRNA-LIGASE-RXN,0.8555569442256764,0.8555569442256764
GLUTAMINE--TRNA-LIGASE-RXN,0.4761540048310626,0.4761540048310626
ASPARTATE--TRNA-LIGASE-RXN,-0.40628435945937635,-0.40628435945937635
RXN-16165,1.1579268781657293,1.1579268781657293
ALANINE--TRNA-LIGASE-RXN,1.0791812460476247,1.0791812460476247
PHENYLALANINE--TRNA-LIGASE-RXN,1.1740355495399442,1.1740355495399442
LEUCINE--TRNA-LIGASE-RXN,1.378322466363226,1.378322466363226
TYROSINE--TRNA-LIGASE-RXN,0.8942094362776076,0.8942094362776076
SERINE--TRNA-LIGASE-RXN,0.8450980400142568,1.0
CYSTEINE--TRNA-LIGASE-RXN,2.076144172191528,2.076144172191528
RXN-9386,-1.0,1.0
PROLINE--TRNA-LIGASE-RXN,1.5107665084004778,1.5107665084004778
RXN-5841,0.7507550120142498,0.7507550120142498
RXN-9662,0.7061710535128839,0.7061710535128839
BIOTINLIG-RXN,3.6176558970096058,3.6176558970096058
RXN-11475,2.295114310620079,2.295114310620079
RXN-17897,0.6938085640563443,0.6938085640563443
RXN-17897_REV,2.1480669776037997,2.1480669776037997
2.3.1.157-RXN,2.5884251208385116,2.5884251208385116
RXN-17848,-1.3454715137784472,-1.3454715137784472
RXN-11867,-1.604729667884189,-1.604729667884189
LEUCYLTRANSFERASE-RXN,-1.3454715137784472,-1.3454715137784472
AMINOCYL-TRNA-HYDROLASE-RXN,0.5134552804206127,0.5134552804206127
RXN0-6274,-0.8046679851412568,-0.8046679851412568
RXN-12458,-0.8861357250968586,-0.8861357250968586
6.3.5.6-RXN,0.785329835010767,1.0
RXN0-5144,0.08990511143939793,1.0
TRNA-PSEUDOURIDINE-SYNTHASE-I-RXN,-1.2878864786040134,-1.2878864786040134
RXN-17846,-1.3454715137784472,-1.3454715137784472
RXN-2962,-0.19395036206777905,-0.19395036206777905
RXN-15041,0.8266062568876719,0.8266062568876719
6.3.5.7-RXN,0.2780909233264556,0.2780909233264556
ISOCITDEH-RXN,1.6176531369390859,1.6176531369390859
ISOCITDEH-RXN_REV,1.4668163609427851,1.4668163609427851
RXN0-1321,-1.7823495689822484,-1.7823495689822484
RXN-13179,0.146128035678238,1.0
RXN-17847,-1.3454715137784472,-1.3454715137784472
RXN-11866,-1.604729667884189,-1.604729667884189
RXN-12588,-0.45383691434845425,-0.45383691434845425
GLUTRNAREDUCT-RXN,-0.8239087409443188,1.0
2-OXOPENT-4-ENOATE-HYDRATASE-RXN,1.741917767243536,1.741917767243536
RXN-1961,-1.4894053504650309,-1.4894053504650309
RXN-11302,0.1760800903944636,0.1760800903944636
TRNA-URACIL-5--METHYLTRANSFERASE-RXN,-1.4313589344349276,-1.4313589344349276
RXN0-1342,-1.1214451116132222,-1.1214451116132222
RXN-11591,-1.9208187539523751,1.0
1.4.3.19-RXN,0.6127838567197355,1.0
RXN-11598,-3.020479303839453,-3.020479303839453
RXN-11217,1.4018358353808553,1.4018358353808553
RXN-11217_REV,0.8729370633295281,0.8729370633295281
RXN-11213,0.3424226808222063,1.0
RXN-11211,0.8729370633295281,0.8729370633295281
RXN-11211_REV,0.8729370633295281,0.8729370633295281
RXN-11210,0.19773718613862606,0.19773718613862606
1.5.1.34-RXN,1.3010299956639813,1.0
RXN-11845,-3.0,1.0
RXN-11187,-0.2218487496163564,1.0
RXN0-6491,1.294466226161593,1.0
1.2.1.32-RXN,4.233040399784365,4.233040399784365
RXN-19339,-1.5302403736906909,-1.5302403736906909
RXN-19335,-1.493565716921524,-1.493565716921524
RXN-11193,0.9865857343763912,0.9865857343763912
RXN-11039,1.490655552763641,1.490655552763641
RXN-19312,3.088922530071439,3.088922530071439
RXN-19306,1.5797835966168101,1.0
1.13.11.6-RXN,1.3979400086720377,1.0
RXN-19256,0.1760800903944636,0.1760800903944636
RXN-19256_REV,0.1760800903944636,0.1760800903944636
RXN-19253,0.1760800903944636,0.1760800903944636
RXN-19253_REV,0.1760800903944636,0.1760800903944636
RXN-19249,0.1760800903944636,0.1760800903944636
RXN-19249_REV,0.1760800903944636,0.1760800903944636
RXN0-6554,1.294466226161593,1.0
DIHYDROOROTATE-DEHYDROGENASE-RXN,1.294466226161593,1.0
RXN-19026,-0.9001177537782089,-0.9001177537782089
RXN-19025,-0.9001177537782089,-0.9001177537782089
1.1.1.136-RXN,0.6697754054128356,0.6697754054128356
R601-RXN,2.2608958248195616,2.2608958248195616
R601-RXN_REV,1.4980515313394809,1.4980515313394809
RXN0-3501,1.8325089127062364,1.0
RXN-15745,1.5224442335063197,1.0
RXN-18662,0.749738494719911,0.749738494719911
RXN-18435,-2.0787489325848454,-2.0787489325848454
SUCCINATE-DEHYDROGENASE-UBIQUINONE-RXN,2.15393855101165,2.15393855101165
RXN-13158,1.5887676436850362,1.5887676436850362
RXN0-6373,2.9860565847309135,2.9860565847309135
RIB5PISOM-RXN,2.9491779937483735,2.9491779937483735
RIB5PISOM-RXN_REV,4.596926814342971,1.0
RXN0-7124,1.8325089127062364,1.0
RXN-17951,-0.040958607678906384,1.0
R82-RXN,1.919078092376074,1.0
R621-RXN,2.3725764475384503,2.3725764475384503
RXN-17809,-2.0315170514460648,1.0
R345-RXN,0.6042738823270155,0.6042738823270155
R341-RXN,-0.8860566476931632,1.0
RXN-17701,1.1553360374650619,1.0
RXN-17700,1.1553360374650619,1.0
UREASE-RXN,3.5440680443502757,1.0
UREASE-RXN_REV,3.5440680443502757,1.0
R223-RXN,-1.537602002101044,1.0
UDP-NACMURALGLDAPLIG-RXN,0.11394335230683679,1.0
R147-RXN,2.4149733479708178,2.4149733479708178
R146-RXN,2.6989700043360187,2.6989700043360187
R125-RXN,0.42975228000240795,1.0
R125-RXN_REV,0.42975228000240795,0.42975228000240795
R101-RXN,1.366196879911484,1.366196879911484
R101-RXN_REV,1.366196879911484,1.366196879911484
QUERCETIN-23-DIOXYGENASE-RXN,1.50054219064611,1.50054219064611
PYRUVATE-CARBOXYLASE-RXN,1.125446983534651,1.125446983534651
PYRROLINECARBREDUCT-RXN,2.8097789476003543,2.8097789476003543
PRPPSYN-RXN,-0.1804560644581313,1.0
PRPPSYN-RXN_REV,1.228643556224396,1.228643556224396
PROTOPORGENOXI-RXN,-1.8827287043442358,1.0
PROPIONATE--COA-LIGASE-RXN,0.8537850880489681,0.8537850880489681
THIOESTER-RXN,-0.9264259438315328,-0.9264259438315328
PROLINE-RACEMASE-RXN,1.150756439860309,1.0
PROLINE-RACEMASE-RXN_REV,0.3944516808262163,1.0
PPENTOMUT-RXN,1.0086001717619175,1.0
PPENTOMUT-RXN_REV,1.0086001717619175,1.0
PNP-RXN,1.6932629116166318,1.6932629116166318
PNP-RXN_REV,1.6200996163615582,1.6200996163615582
TARTRATE-DEHYDROGENASE-RXN,0.24843024369718386,0.24843024369718386
TARTRATE-DEHYDROGENASE-RXN_REV,0.1765283746506367,0.1765283746506367
TAGAALDOL-RXN,1.0941899994451438,1.0941899994451438
PHOSPHONOACETALDEHYDE-HYDROLASE-RXN,1.1760912590556813,1.0
PHOSPHONOACETALDEHYDE-HYDROLASE-RXN_REV,1.1994038651016323,1.1994038651016323
PHOSNACMURPENTATRANS-RXN,0.7259100958846445,0.7259100958846445
PHENYLSERINE-ALDOLASE-RXN,3.361727836017593,1.0
PGPPHOSPHA-RXN,1.380211241711606,1.0
PEPTIDYLPROLYL-ISOMERASE-RXN,1.9795299223417295,1.9795299223417295
PEPTIDYLPROLYL-ISOMERASE-RXN_REV,1.9795299223417295,1.9795299223417295
PEPCARBOX-RXN,2.7323937598229686,1.0
PCP4MONO-RXN,3.9684829485539352,1.0
SARCOX-RXN,1.38387468367279,1.38387468367279
NUCLEOTIDE-PYROPHOSPHATASE-RXN,1.8055960304342171,1.8055960304342171
NUCLEOSIDE-DIP-KIN-RXN,2.4216039268698313,1.0
NQOR-RXN,1.7973374671009479,1.7973374671009479
NAG1P-URIDYLTRANS-RXN,0.1118861507631005,0.1118861507631005
NACGLCTRANS-RXN,0.1318648749459756,0.1318648749459756
NACGLCTRANS-RXN_REV,0.1318648749459756,0.1318648749459756
RXNQT-4178,1.7004096596048728,1.7004096596048728
RXNQT-4174,1.7004096596048728,1.7004096596048728
RXNQT-4171,1.7004096596048728,1.7004096596048728
RXNQT-4168,1.7004096596048728,1.7004096596048728
RXNQT-4165,1.7004096596048728,1.7004096596048728
RXN-16664,2.2041199826559246,1.0
RXN-16659,0.1760800903944636,0.1760800903944636
MYO-INOSITOL-2-DEHYDROGENASE-RXN,1.7634279935629373,1.0
MYO-INOSITOL-2-DEHYDROGENASE-RXN_REV,1.7634279935629373,1.0
RXN-16649,0.1760800903944636,0.1760800903944636
RXNMETA-12671,1.591064607026499,1.0
MHPELY-RXN,0.11118913297247773,0.11118913297247773
MHPELY-RXN_REV,0.565194646949005,0.565194646949005
METHYLGLUTACONYL-COA-HYDRATASE-RXN,1.7781512503836436,1.0
METHYLGLUTACONYL-COA-HYDRATASE-RXN_REV,2.1398790864012365,1.0
METHYLCROTONYL-COA-CARBOXYLASE-RXN,-0.017728766960431602,1.0
MANNPISOM-RXN,2.9576264407034207,2.9576264407034207
MANNPISOM-RXN_REV,2.9576264407034207,2.9576264407034207
RXN-16456,-2.318758762624413,1.0
MALATE-DEH-RXN,2.012006026399193,2.012006026399193
MALATE-DEH-RXN_REV,3.0766084701418714,3.0766084701418714
LYSOPHOSPHOLIPASE-RXN,3.088922530071439,3.088922530071439
LYSDECARBOX-RXN,1.4771212547196624,1.0
LUMAZINESYN-RXN,-1.4826672748434127,-1.4826672748434127
ASNS2,0.5667075514624172,0.5667075514624172
HSK,1.2624510897304295,1.0
PPND,1.5139975013034406,1.5139975013034406
ADSK,0.32660625688767175,0.32660625688767175
HSDy,1.380211241711606,1.0
HSDy_REV,1.380211241711606,1.0
DNTPPA,0.19333864198041883,0.19333864198041883
PNTK,0.11502040370299861,0.11502040370299861
NADS1,-0.18075537152268134,-0.18075537152268134
DIMETHUROPORDEHYDROG-RXN,1.2859777964146477,1.2859777964146477
RXN-13403,-0.5275003693710623,-0.5275003693710623
SIROHEME-FERROCHELAT-RXN,-1.04855432085857,-1.04855432085857
GLUTSEMIALDEHYDROG-RXN,0.22280210163679876,0.22280210163679876
RIBOFLAVINSYNDEAM-RXN,0.3722683520837414,0.3722683520837414
RIBOFLAVINSYNREDUC-RXN,1.0551952219188026,1.0551952219188026
DB4PS,-0.34828017765450575,-0.34828017765450575
FADSYN-RXN,0.4199970070339835,0.4199970070339835
UROGENDECARBOX-RXN,0.9514427400286869,0.9514427400286869
AICARTRANSFORM-RXN,0.3295601172677071,0.3295601172677071
AICARTRANSFORM-RXN_REV,0.3295601172677071,0.3295601172677071
IMPCYCLOHYDROLASE-RXN,0.3587267166542672,0.3587267166542672
IMPCYCLOHYDROLASE-RXN_REV,0.3587267166542672,0.3587267166542672
ECOAH5,1.367653532581748,1.367653532581748
ECOAH5_REV,1.367653532581748,1.367653532581748
RXN-11667,1.3676535325817478,1.3676535325817478
RXN-11667_REV,1.3676535325817478,1.3676535325817478
ECOAH6,1.367653532581748,1.367653532581748
ECOAH6_REV,1.367653532581748,1.367653532581748
RXN-12567,1.367653532581748,1.367653532581748
RXN-12567_REV,1.367653532581748,1.367653532581748
ECOAH3,1.367653532581748,1.367653532581748
ECOAH3_REV,1.367653532581748,1.367653532581748
ECOAH7,1.367653532581748,1.367653532581748
ECOAH7_REV,1.367653532581748,1.367653532581748
RXN-13616,1.367653532581748,1.367653532581748
RXN-13616_REV,1.367653532581748,1.367653532581748
ECOAH8,1.367653532581748,1.367653532581748
ECOAH8_REV,1.367653532581748,1.367653532581748
RXN-14074,0.44586360828433175,0.44586360828433175
RXN-14074_REV,1.10660883614788,1.10660883614788
ADNK1,0.6231300940851963,0.6231300940851963
DXYLK,0.6231300940851963,0.6231300940851963
RXN-8991,1.367653532581748,1.367653532581748
RXN-8991_REV,1.367653532581748,1.367653532581748
3-ISOPROPYLMALISOM-RXN,1.367653532581748,1.367653532581748
3-ISOPROPYLMALISOM-RXN_REV,1.367653532581748,1.367653532581748
TKT1,0.09158016046754142,0.09158016046754142
TKT1_REV,0.7056071727709706,0.7056071727709706
2TRANSKETO-RXN,1.359835482339888,1.0
2TRANSKETO-RXN_REV,0.7056071727709706,0.7056071727709706
DIHYDROXYISOVALDEHYDRAT-RXN,1.367653532581748,1.367653532581748
DIHYDROXYMETVALDEHYDRAT-RXN,1.367653532581748,1.367653532581748
KDOTRANS-RXN,0.38019796693683805,0.38019796693683805
KDOTRANS2-RXN,0.38019796693683805,0.38019796693683805
LIPIDXSYNTHESIS-RXN,0.7025449689281953,0.7025449689281953
LIPIDADISACCHARIDESYNTH-RXN,1.0292224451414447,1.0292224451414447
1.1.1.83-RXN,1.3604122206358107,1.3604122206358107
P-PANTOCYSDECARB-RXN,0.9514427400286869,0.9514427400286869
FORMYLTHFDEFORMYL-RXN,1.0884244810724792,1.0884244810724792
PGLUCONDEHYDRAT-RXN,1.367653532581748,1.367653532581748
HEMEOSYN-RXN,-0.5888293463331917,-0.5888293463331917
AGMATIN-RXN,0.45064821754227363,0.45064821754227363
ARGSUCCINSYN-RXN,1.080710738637519,1.080710738637519
AGPR,0.8479418674596111,0.8479418674596111
AGPR_REV,0.22280210163679876,0.22280210163679876
3OAS160,-1.274703819669034,-1.274703819669034
3OAS140,-1.274703819669034,-1.274703819669034
MALONYL-ACPDECARBOX-RXN,-1.274703819669034,-1.274703819669034
3OAS100,-1.274703819669034,-1.274703819669034
3OAS60,-1.274703819669034,-1.274703819669034
3OAS120,-1.274703819669034,-1.274703819669034
3OAS80,-1.274703819669034,-1.274703819669034
DHHB-METHYLTRANSFER-RXN,-0.5275003693710623,-0.5275003693710623
2-OCTAPRENYL-6-OHPHENOL-METHY-RXN,-0.5275003693710623,-0.5275003693710623
3-OCTAPRENYL-4-OHBENZOATE-DECARBOX-RXN,0.9514427400286869,0.9514427400286869
3.1.3.74-RXN,0.9256895173517816,0.9256895173517816
G6PP,0.9256895173517816,0.9256895173517816
2DOXG6PP,0.9256895173517816,0.9256895173517816
2.7.1.148-RXN,0.6231300940851963,0.6231300940851963
SADT2,0.02401065597141559,0.02401065597141559
MANNONOXIDOREDUCT-RXN,1.3604122206358107,1.3604122206358107
MANNONOXIDOREDUCT-RXN_REV,1.466453953092289,1.466453953092289
AACPS7,0.9277656837907946,0.9277656837907946
AACPS9,0.9277656837907946,0.9277656837907946
2AGPEAT180,0.26907368093494916,0.26907368093494916
2AGPEAT160,0.26907368093494916,0.26907368093494916
RXN0-4342,0.4199970070339835,0.4199970070339835
UDPNACETYLMURAMATEDEHYDROG-RXN,0.11229104156004706,0.11229104156004706
FLVRx,2.0004496666962717,2.0004496666962717
HBZOPT,-0.27980632924916093,-0.27980632924916093
THIAZOLSYN3-RXN,0.6231300940851963,0.6231300940851963
ARGININE-N-SUCCINYLTRANSFERASE-RXN,0.24945727292023823,0.24945727292023823
SUCCGLUDESUCC-RXN,1.0884244810724792,1.0884244810724792
GSPMDS,-0.1995135521566259,-0.1995135521566259
GUANINE-DEAMINASE-RXN,1.1172586417563433,1.1172586417563433
FRUK,0.6231300940851963,0.6231300940851963
ADCLY-RXN,0.44211608242911415,0.44211608242911415
5.1.3.20-RXN,1.7380555501832327,1.7380555501832327
IPDPS,0.5062076873812165,0.5062076873812165
DMPPS,0.5062076873812165,0.5062076873812165
DHDPRy,0.11229104156004706,0.11229104156004706
G3PD2,1.4416475117065872,1.4416475117065872
G3PD2_REV,1.0551952219188026,1.0551952219188026
ACCOAL,0.9277656837907946,0.9277656837907946
UDP-NACMURALA-GLU-LIG-RXN,0.6689988856864363,0.6689988856864363
UGLYCH,0.9356581106198475,0.9356581106198475
3HPPPNH,0.9126307761404878,0.9126307761404878
3HCINNMH,0.9126307761404878,0.9126307761404878
UGMDDS,0.6689988856864363,0.6689988856864363
THI-P-KIN-RXN,1.383622489334519,1.383622489334519
ARGSUCCINLYA-RXN,-0.30478423723438114,-0.30478423723438114
ARGSUCCINLYA-RXN_REV,-0.30478423723438114,-0.30478423723438114
GLUTKIN-RXN,2.1144164293541263,2.1144164293541263
DETHIOBIOTIN-SYN-RXN,-0.2764209843288904,-0.2764209843288904
PRPPAMIDOTRANS-RXN,0.3990343008015533,0.3990343008015533
GPDDA5,-0.00874011903106877,-0.00874011903106877
SUCCGLUALDDEHYD-RXN,0.9495579602389296,0.9495579602389296
GLYRIBONUCSYN-RXN,1.080710738637519,1.080710738637519
GLYRIBONUCSYN-RXN_REV,0.37688689259986113,0.37688689259986113
MAN1PT2,0.4096911864210102,0.4096911864210102
GLYCEROL-2-PHOSPHATASE-RXN,-0.744727494896694,1.0
UDPMANNACADEHYDROG-RXN,1.3604122206358107,1.3604122206358107
DIHYDROFOLATESYNTH-RXN,1.0493667778121756,1.0493667778121756
SAICARSYN-RXN,0.6689988856864363,0.6689988856864363
ASPO5,0.9839499888019301,0.9839499888019301
METHYLENETHFDEHYDROG-NADP-RXN,2.13956426617585,1.0
METHYLENETHFDEHYDROG-NADP-RXN_REV,1.85608726449021,1.85608726449021
METHENYLTHFCYCLOHYDRO-RXN,0.3722683520837414,0.3722683520837414
METHENYLTHFCYCLOHYDRO-RXN_REV,0.3722683520837414,0.3722683520837414
QULNS,-0.27980632924916093,-0.27980632924916093
L_LACD2,-0.060480747381381476,-0.060480747381381476
L_LACD3,-0.060480747381381476,-0.060480747381381476
GGGABADr,0.7683908163920741,0.7683908163920741
GGGABADr_REV,0.22280210163679876,0.22280210163679876
RXN0-3942,1.0884244810724792,1.0884244810724792
RXN0-6981,1.3750906869675115,1.3750906869675115
GPDDA5pp,-0.00874011903106877,-0.00874011903106877
GRXR,0.016192732435369117,0.016192732435369117
RXN0-1603,0.7025449689281953,0.7025449689281953
RXN0-1602,-0.6575773191777937,-0.6575773191777937
RXN-15743,1.0551952219188026,1.0551952219188026
GLUCONOKIN-RXN,0.6231300940851963,0.6231300940851963
OHMETHYLBILANESYN-RXN,-0.09389395929761893,-0.09389395929761893
DAAD,0.837466077314424,0.837466077314424
GLUTAMIDOTRANS-RXN,2.1398790864012365,1.0
THREDEHYD-RXN,1.0604921517968395,1.0604921517968395
SUCCARGDIHYDRO-RXN,-0.1816331870043028,-0.1816331870043028
RXN0-1863,0.5846857938906289,0.5846857938906289
RXN0-1863_REV,0.7108288405258568,0.7108288405258568
RXN0-4281,1.0564489459160602,1.0564489459160602
PRAIS,-0.2764209843288904,-0.2764209843288904
PLIPA2A140pp,1.2449684709210587,1.2449684709210587
PLIPA2A141pp,1.2449684709210587,1.2449684709210587
PLIPA2A160pp,1.2449684709210587,1.2449684709210587
PLIPA2A180pp,1.2449684709210587,1.2449684709210587
PLIPA2A120pp,1.2449684709210587,1.2449684709210587
RXN-9537,0.5253808757934502,0.5253808757934502
3HAD181,1.367653532581748,1.367653532581748
4.2.1.59-RXN,0.6133708715541522,0.6133708715541522
3HAD141,1.367653532581748,1.367653532581748
3HAD160,0.5253808757934502,0.5253808757934502
3HAD121,1.367653532581748,1.367653532581748
3HAD161,1.367653532581748,1.367653532581748
3HAD40,1.367653532581748,1.367653532581748
3HAD180,0.7933566870583822,0.7933566870583822
3HAD120,0.6847155912033086,0.6847155912033086
3HAD60,0.5253808757934502,0.5253808757934502
3HAD100,0.6847155912033086,0.6847155912033086
EAR120y,0.26907368093494916,0.26907368093494916
EAR100y,0.26907368093494916,0.26907368093494916
EAR120x,0.26907368093494916,0.26907368093494916
EAR60y,0.26907368093494916,0.26907368093494916
EAR80y,0.26907368093494916,0.26907368093494916
EAR80x,0.26907368093494916,0.26907368093494916
EAR40y,0.26907368093494916,0.26907368093494916
EAR140y,0.26907368093494916,0.26907368093494916
EAR100x,0.26907368093494916,0.26907368093494916
EAR40x,0.26907368093494916,0.26907368093494916
EAR140x,0.26907368093494916,0.26907368093494916
EAR60x,0.26907368093494916,0.26907368093494916
DASYN140,0.6059681721960479,0.6059681721960479
DASYN141,0.6059681721960479,0.6059681721960479
DASYN161,0.6059681721960479,0.6059681721960479
DASYN181,0.6059681721960479,0.6059681721960479
DASYN120,0.6059681721960479,0.6059681721960479
DASYN180,0.6059681721960479,0.6059681721960479
DASYN160,0.6059681721960479,0.6059681721960479
PGSA161,-1.0672454042692712,-1.0672454042692712
PGSA120,-1.0672454042692712,-1.0672454042692712
PGSA181,-1.0672454042692712,-1.0672454042692712
PGSA180,-1.0672454042692712,-1.0672454042692712
PGSA160,-1.0672454042692712,-1.0672454042692712
RXN0-305,1.8767965479979443,1.8767965479979443
RXN0-305_REV,1.8767965479979443,1.8767965479979443
ADOMET-DMK-METHYLTRANSFER-RXN,-0.5275003693710623,-0.5275003693710623
DMK-RXN,-0.27980632924916093,-0.27980632924916093
GTHPi,1.994832281311077,1.994832281311077
RXN-11477,1.367653532581748,1.367653532581748
RXN-11481,1.367653532581748,1.367653532581748
DAGK160,0.6231300940851963,0.6231300940851963
PSD120,0.9514427400286869,0.9514427400286869
PSD181,0.9514427400286869,0.9514427400286869
PSD160,0.9514427400286869,0.9514427400286869
PSD161,0.9514427400286869,0.9514427400286869
PSD180,0.9514427400286869,0.9514427400286869
4.2.1.99-RXN,1.367653532581748,1.367653532581748
4.2.1.99-RXN_REV,1.367653532581748,1.367653532581748
ACOAD5f,0.11136836986864997,0.11136836986864997
ACOAD5f_REV,0.11136836986864997,0.11136836986864997
ACOAD2f,1.4549023587203709,1.4549023587203709
ACOAD2f_REV,1.4549023587203709,1.4549023587203709
ACOAD4f,1.4549023587203709,1.4549023587203709
ACOAD4f_REV,1.4549023587203709,1.4549023587203709
ACOAD6f,0.1076152285133296,0.1076152285133296
ACOAD6f_REV,0.1076152285133296,0.1076152285133296
ACOAD3f,-2.7375489102695707,-2.7375489102695707
ACOAD3f_REV,0.11136836986864997,0.11136836986864997
ACOAD7f,0.1076152285133296,0.1076152285133296
ACOAD7f_REV,0.1076152285133296,0.1076152285133296
FA140ACPHi,0.3292872201405028,0.3292872201405028
FA100ACPHi,0.3292872201405028,0.3292872201405028
FA141ACPHi,0.3292872201405028,0.3292872201405028
FA160ACPHi,0.3292872201405028,0.3292872201405028
FA161ACPHi,0.3292872201405028,0.3292872201405028
FA120ACPHi,0.3292872201405028,0.3292872201405028
FA80ACPHi,0.3292872201405028,0.3292872201405028
GALCTLO,1.3604122206358107,1.3604122206358107
OXDHCOAT,0.7185016888672743,1.0
RXN-12093,1.080710738637519,1.080710738637519
TYRL,0.25527250510330607,1.0
DHACOAH,1.367653532581748,1.367653532581748
DHACOAH_REV,1.367653532581748,1.367653532581748
CPMPS,-3.154901959985743,1.0
RXN0-5208,0.4199970070339835,0.4199970070339835
RXN-16242,1.0551952219188026,1.0551952219188026
RXN490-3641,0.9200386419344116,0.9200386419344116
RXN-16009,0.9256895173517816,0.9256895173517816
RXN-15977,-0.5333760067989036,-0.5333760067989036
INOSINATE-NUCLEOSIDASE-RXN,-0.06919303796244448,-0.06919303796244448
IMIDAZOLONEPROPIONASE-RXN,1.2766860669664823,1.2766860669664823
HYDROXYPYRUVATE-REDUCTASE-RXN,1.1815475007179395,1.1815475007179395
HYDROXYPYRUVATE-REDUCTASE-RXN_REV,0.6967034944252197,0.6967034944252197
RXN-15878,0.5304810565469162,0.5304810565469162
HYDROXYMETHYLGLUTARYL-COA-LYASE-RXN,0.44211608242911415,0.44211608242911415
RXN-15782,0.26907368093494916,0.26907368093494916
HISTPRATPHYD-RXN,0.7025449689281953,0.7025449689281953
HISTCYCLOHYD-RXN,0.3722683520837414,0.3722683520837414
RXN0-7285,1.040508072877839,1.040508072877839
RXN0-7285_REV,1.040508072877839,1.040508072877839
RXN0-7230,1.168718563066328,1.168718563066328
RXN0-7229,1.168718563066328,1.168718563066328
RXN0-7173,1.367653532581748,1.367653532581748
RXN0-7168,-0.5275003693710623,-0.5275003693710623
RXN0-7167,-0.5275003693710623,-0.5275003693710623
RXN0-7141,0.5062076873812165,0.5062076873812165
RXN-15650,1.326893780661483,1.326893780661483
RXN-15650_REV,2.154815083712949,2.154815083712949
RXN0-7119,1.0551952219188026,1.0551952219188026
RXN0-7114,-0.5275003693710623,-0.5275003693710623
RXN0-7090,0.6277867880513848,0.6277867880513848
RXN0-7078,0.26907368093494916,0.26907368093494916
GSDEADENYLATION-RXN,0.4096911864210102,0.4096911864210102
RXN0-7000,0.6709226962505179,0.6709226962505179
RXN0-6999,0.6689988856864363,0.6689988856864363
RXN0-6998,-0.5275003693710623,-0.5275003693710623
GLYCOLATEDEHYDRO-RXN,1.168718563066328,1.168718563066328
RXN0-6950,-0.5275003693710623,-0.5275003693710623
RXN0-6731,-0.5275003693710623,-0.5275003693710623
RXN0-6727,1.367653532581748,1.367653532581748
RXN0-6726,1.0493667778121756,1.0493667778121756
RXN0-6725,1.2449684709210587,1.2449684709210587
RXN0-6722,2.0796695601093775,2.0796695601093775
GLYC3PDEHYDROGBIOSYN-RXN,1.1815475007179395,1.1815475007179395
RXN-15430,0.18714646867687662,0.18714646867687662
RXN0-6512,0.7185016888672743,1.0
RXN0-6510,2.1373144017237995,2.1373144017237995
RXN0-6510_REV,2.1373144017237995,2.1373144017237995
RXN-15375,0.26907368093494916,0.26907368093494916
RXN0-6371,2.4129413707766414,2.4129413707766414
RXN0-5515,0.6059681721960479,0.6059681721960479
RXN0-5414,1.0884244810724792,1.0884244810724792
GLUCOSAMINE-KINASE-RXN,0.6231300940851963,0.6231300940851963
RXN0-5390,0.3292872201405028,0.3292872201405028
RXN0-5375,-0.732137138582961,-0.732137138582961
RXN0-5234,0.7426700139380115,0.7426700139380115
RXN0-5223,0.6231300940851963,0.6231300940851963
RXN-15227,-0.5275003693710623,-0.5275003693710623
RXN0-5209,0.4199970070339835,0.4199970070339835
RXN0-5195,1.067059592142665,1.067059592142665
RXN0-5192,0.08432528794110411,0.08432528794110411
RXN0-5192_REV,0.08432528794110411,0.08432528794110411
RXN0-5190,1.3865674794105871,1.3865674794105871
RXN0-5189,-0.06919303796244448,-0.06919303796244448
RXN-15138,-0.047151164855243746,-0.047151164855243746
RXN-15127,0.8419043376884934,0.8419043376884934
RXN-15123,0.8419043376884934,0.8419043376884934
RXN0-5101,0.11229104156004706,0.11229104156004706
FRUCTOKINASE-RXN,0.6231300940851963,0.6231300940851963
RXN0-5065,2.0,1.0
RXN0-5063,-0.2218487496163564,1.0
FORMATE-DEHYDROGENASE-NADP+-RXN,0.842909247976824,0.842909247976824
FORMATE-DEHYDROGENASE-NADP+-RXN_REV,1.2304489213782739,1.0
RXN0-4341,0.6231300940851963,0.6231300940851963
RXN0-4121,0.04921802267018165,1.0
RXN-15016,1.0884244810724792,1.0884244810724792
RXN0-3921,0.2875474816553409,0.2875474816553409
RXN-15006,0.22280210163679876,0.22280210163679876
RXN-14992,-0.5275003693710623,-0.5275003693710623
ERYTHRULOSE-REDUCTASE-RXN,1.3482927531778428,1.3482927531778428
ERYTHRULOSE-REDUCTASE-RXN_REV,1.466453953092289,1.466453953092289
RXN0-3182,1.2111488251347742,1.2111488251347742
RXN-14932,1.168718563066328,1.168718563066328
RXN-14930,-0.04437406188750037,-0.04437406188750037
RXN-14930_REV,0.7211006498748218,0.7211006498748218
RXN0-279,0.41477480908186937,0.41477480908186937
RXN0-2301,0.09206650004128807,0.09206650004128807
RXN0-2042,0.6709226962505179,0.6709226962505179
RXN0-2023,-0.0007927023404351158,-0.0007927023404351158
DIOHBUTANONEPSYN-RXN,-0.34828017765450575,-0.34828017765450575
RXN0-1241,-0.5275003693710623,-0.5275003693710623
RXN-14756,1.1815475007179395,1.1815475007179395
RXN-9958,0.964934540531684,0.964934540531684
DIACYLGLYKIN-RXN,0.6231300940851963,0.6231300940851963
RXN-14570,0.26907368093494916,0.26907368093494916
RXN-14569,0.4199970070339835,0.4199970070339835
RXN-14569_REV,1.1953899517069948,1.1953899517069948
RXN-14536,0.11229104156004706,0.11229104156004706
RXN-14461,0.5056329929598232,0.5056329929598232
RXN-9772,0.9839499888019301,0.9839499888019301
RXN-14347,1.4416475117065872,1.4416475117065872
RXN-14347_REV,1.0551952219188026,1.0551952219188026
RXN-9726,0.11229104156004706,0.11229104156004706
CHD-RXN,1.168718563066328,1.168718563066328
CHD-RXN_REV,1.168718563066328,1.168718563066328
RXN-14172,0.9277656837907946,0.9277656837907946
CDPDIGLYSYN-RXN,0.6059681721960479,0.6059681721960479
RXN-14150,1.8767965479979443,1.8767965479979443
RXN-14150_REV,1.8767965479979443,1.8767965479979443
RXN-14149,0.22274340155423114,0.22274340155423114
RXN-14131,0.09206650004128807,0.09206650004128807
CARDIOLIPSYN-RXN,-1.0672454042692712,-1.0672454042692712
RXN-13990,0.44211608242911415,0.44211608242911415
RXN-13990_REV,0.28518151613627135,0.28518151613627135
RXN-13945,1.994832281311077,1.994832281311077
RXN-13854,-0.732137138582961,-0.732137138582961
RXN-9307,0.9495579602389296,0.9495579602389296
AIRS-RXN,-0.2764209843288904,-0.2764209843288904
RXN-11361,0.4199970070339835,0.4199970070339835
ACYLCOADEHYDROG-RXN,0.09206650004128807,0.09206650004128807
ACETYLPUTRESCINE-DEACETYLASE-RXN,1.0884244810724792,1.0884244810724792
ACETYLHOMOSER-CYS-RXN,1.0791812460476249,1.0
ACETYLHOMOSER-CYS-RXN_REV,-0.27980632924916093,-0.27980632924916093
ACETOACETYL-COA-HYDROLASE-RXN,0.5501852725587815,0.5501852725587815
RXN-13260,-0.42733867050239316,-0.42733867050239316
RXN0-2144,1.367653532581748,1.367653532581748
RXN-9092,0.9277656837907946,0.9277656837907946
RXN-9655,0.47321076828252057,0.47321076828252057
RXN-13142,0.6276795302681207,0.6276795302681207
RXN-13141,1.367653532581748,1.367653532581748
RXN-9590,0.26907368093494916,0.26907368093494916
RXN-9590_REV,0.26907368093494916,0.26907368093494916
GSADENYLATION-RXN,0.4199970070339835,0.4199970070339835
5.4.4.3-RXN,0.8081902206343136,0.8081902206343136
5.4.4.3-RXN_REV,0.8081902206343136,0.8081902206343136
5.4.1.2-RXN,0.7356220958252404,0.7356220958252404
5.4.1.2-RXN_REV,0.7356220958252404,0.7356220958252404
ACYLGPEACYLTRANS-RXN,0.26907368093494916,0.26907368093494916
ACYLGPEACYLTRANS-RXN_REV,0.26907368093494916,0.26907368093494916
RXN-13099,1.466453953092289,1.466453953092289
5.3.1.23-RXN,1.8767965479979443,1.8767965479979443
RXN-13089,0.7683908163920741,0.7683908163920741
RXN-13076,1.4549023587203709,1.4549023587203709
RXN-13072,1.0884244810724792,1.0884244810724792
2.1.1.63-RXN,-0.5275003693710623,-0.5275003693710623
5-OXOPROLINASE-ATP-HYDROLYSING-RXN,1.2766860669664823,1.2766860669664823
5-METHYLTHIORIBOSE-KINASE-RXN,0.6231300940851963,0.6231300940851963
5-DEHYDRO-2-DEOXYGLUCONOKINASE-RXN,0.6231300940851963,0.6231300940851963
RXN-9031,2.1373144017237995,2.1373144017237995
RXN0-20,-0.27980632924916093,-0.27980632924916093
RXN-17126,1.6513690846119502,1.6513690846119502
PALMITOTRANS-RXN,0.26907368093494916,0.26907368093494916
4.1.1.81-RXN,0.9514427400286869,0.9514427400286869
RXN-17246,-0.42733867050239316,-0.42733867050239316
RXN-5741,0.9277656837907946,0.9277656837907946
RXN-12752,0.6276795302681207,0.6276795302681207
RXN-10656,1.367653532581748,1.367653532581748
RXN-17222,-0.42733867050239316,-0.42733867050239316
RXN-9550,0.3292872201405028,0.3292872201405028
RXN-15784,0.843951957659844,0.843951957659844
RXN-10660,1.367653532581748,1.367653532581748
RXN-12673,1.0551952219188026,1.0551952219188026
RXN-14957,-0.0007927023404351158,-0.0007927023404351158
RXN-8739,-1.853871964321762,1.0
RXN0-5055,0.8288481344640118,0.8288481344640118
4.2.1.58-RXN,0.47321076828252057,0.47321076828252057
RXN-12572,0.09206650004128807,0.09206650004128807
RXN-12560,1.4416475117065872,1.4416475117065872
RXN-14950,-0.0007927023404351158,-0.0007927023404351158
2.3.1.168-RXN,0.26907368093494916,0.26907368093494916
2.3.1.168-RXN_REV,0.7185016888672743,1.0
RXN-12518,-0.5333760067989036,-0.5333760067989036
RXN-17272,-0.42733867050239316,-0.42733867050239316
THIAZOLSYN2-RXN,-0.0007927023404351158,-0.0007927023404351158
RXN-13613,-0.7479006365752162,-0.7479006365752162
RXN-9557,1.367653532581748,1.367653532581748
2OXOGLUTDECARB-RXN,0.5460435049748755,0.5460435049748755
RXN-12300,1.0551952219188026,1.0551952219188026
RXN-12297,1.0551952219188026,1.0551952219188026
3.4.13.18-RXN,1.3750906869675115,1.3750906869675115
RXN-12246,1.2449684709210587,1.2449684709210587
RXN-1224,1.0292224451414447,1.0292224451414447
RXN-8358,1.3096301674258988,1.0
RXN-8358_REV,1.3096301674258988,1.0
RXN-17363,0.26907368093494916,0.26907368093494916
RXN-17224,-0.42733867050239316,-0.42733867050239316
RXN-8342,-0.0007927023404351158,-0.0007927023404351158
1.8.4.13-RXN,0.016192732435369117,0.016192732435369117
RXN-17823,-0.5275003693710623,-0.5275003693710623
3.1.3.70-RXN,0.9256895173517816,0.9256895173517816
RXN-8182,0.7683908163920741,0.7683908163920741
RXN-8166,1.42345119019311,1.42345119019311
RXN-8163,0.2875474816553409,0.2875474816553409
RXN-11965,0.13115170329956521,0.13115170329956521
RXN-8119,0.06938715116563114,0.06938715116563114
RXN-9520,0.47321076828252057,0.47321076828252057
3-HYDROXBUTYRYL-COA-DEHYDRATASE-RXN,1.367653532581748,1.367653532581748
RXN-13259,-0.42733867050239316,-0.42733867050239316
RXN-13259_REV,0.7185016888672743,1.0
2.8.3.9-RXN,1.5622928644564746,1.0
2.8.3.9-RXN_REV,1.2211755319014406,1.2211755319014406
RXN-8,0.5166849665513155,0.5166849665513155
RXN-8_REV,0.06938715116563114,0.06938715116563114
RXN-11840,0.7356220958252404,0.7356220958252404
RXN-11838,0.7356220958252404,0.7356220958252404
RXN-11837,0.7356220958252404,0.7356220958252404
2.7.8.24-RXN,-1.0672454042692712,-1.0672454042692712
RXN-11836,0.7356220958252404,0.7356220958252404
RXN-11835,0.7356220958252404,0.7356220958252404
RXN-11834,0.7356220958252404,0.7356220958252404
RXN-11833,0.7356220958252404,0.7356220958252404
2.7.7.33-RXN,0.6059681721960479,0.6059681721960479
2.7.7.33-RXN_REV,1.1953899517069948,1.1953899517069948
3-HYDROXYDECANOYL-ACP-DEHYDR-RXN,0.47321076828252057,0.47321076828252057
RXN-11791,-1.0672454042692712,-1.0672454042692712
RXN-7790,0.9495579602389296,0.9495579602389296
RXN0-1147,0.24945727292023823,0.24945727292023823
RXN0-1147_REV,0.7185016888672743,1.0
RXN-9555,0.3292872201405028,0.3292872201405028
RXN-9533,0.47321076828252057,0.47321076828252057
RXN-11718,0.9514427400286869,0.9514427400286869
RXN-7561,0.24945727292023823,0.24945727292023823
2.5.1.39-RXN,-0.27980632924916093,-0.27980632924916093
RXN0-5513,0.9277656837907946,0.9277656837907946
RXN-6902,0.6454731193427343,0.6454731193427343
RXN-6902_REV,0.06938715116563114,0.06938715116563114
GLYCINE--TRNA-LIGASE-RXN,0.9818002262571304,0.9818002262571304
RXN-14959,-0.0007927023404351158,-0.0007927023404351158
RXN-6383,1.367653532581748,1.367653532581748
RXN-6383_REV,1.367653532581748,1.367653532581748
RXN-6261,-0.1995135521566259,-0.1995135521566259
RXN-17824,-0.5275003693710623,-0.5275003693710623
RXN-5901,1.16350325706671,1.16350325706671
RXN-17215,-0.42733867050239316,-0.42733867050239316
RXN-5183,0.22280210163679876,0.22280210163679876
4.2.1.61-RXN,0.47321076828252057,0.47321076828252057
RXN-15783,-0.42733867050239316,-0.42733867050239316
RXN-11493,0.9126307761404878,0.9126307761404878
RXN-4313,-0.06919303796244448,-0.06919303796244448
RXN-11860,-0.5275003693710623,-0.5275003693710623
RXN0-1281,1.0551952219188026,1.0551952219188026
2.1.1.77-RXN,-0.5275003693710623,-0.5275003693710623
RXN-11865,-0.5275003693710623,-0.5275003693710623
1.2.1.25-RXN,0.9495579602389296,0.9495579602389296
RXN0-5330,2.0796695601093775,2.0796695601093775
RXN0-5418,0.5610786922338374,0.5610786922338374
2.1.1.133-RXN,-0.5275003693710623,-0.5275003693710623
RXN-2462,1.2449684709210587,1.2449684709210587
TRNA-S-TRANSFERASE-RXN,-0.0007927023404351158,-0.0007927023404351158
2.1.1.132-RXN,-0.5275003693710623,-0.5275003693710623
RXN-2425,1.367653532581748,1.367653532581748
RXN-2425_REV,1.367653532581748,1.367653532581748
2.1.1.131-RXN,-0.5275003693710623,-0.5275003693710623
RXN-17898,-0.14589706159083088,-0.14589706159083088
2.1.1.130-RXN,-0.5275003693710623,-0.5275003693710623
TRNA-GUANINE-N7--METHYLTRANSFERASE-RXN,-0.5275003693710623,-0.5275003693710623
RXN-2205,0.7211006498748218,0.7211006498748218
RXN-2205_REV,0.7211006498748218,0.7211006498748218
2KETO-4METHYL-PENTANOATE-DEHYDROG-RXN,0.9495579602389296,0.9495579602389296
RXN-19922,-0.5275003693710623,-0.5275003693710623
2-OCTAPRENYL-METHOXY-BENZOQ-METH-RXN,-0.5275003693710623,-0.5275003693710623
2-OCTAPRENYL-6-METHOXYPHENOL-HYDROX-RXN,0.6709226962505179,0.6709226962505179
RXN0-5422,1.0292224451414447,1.0292224451414447
RXN-17899,-0.14589706159083088,-0.14589706159083088
2-HALOACID-DEHALOGENASE-RXN,-0.047151164855243746,-0.047151164855243746
RXN0-1081,0.3722683520837414,0.3722683520837414
RXN0-6515,-0.5275003693710623,-0.5275003693710623
2-AMINOADIPATE-AMINOTRANSFERASE-RXN,0.7108288405258568,0.7108288405258568
2-AMINOADIPATE-AMINOTRANSFERASE-RXN_REV,0.5846857938906289,0.5846857938906289
1TRANSKETO-RXN,0.7056071727709706,0.7056071727709706
1TRANSKETO-RXN_REV,0.09158016046754142,0.09158016046754142
RXN-11637,-0.5275003693710623,-0.5275003693710623
1PFRUCTPHOSN-RXN,0.6231300940851963,0.6231300940851963
RXN-11589,-0.5275003693710623,-0.5275003693710623
RXN0-7007,-0.5275003693710623,-0.5275003693710623
RXN-19793,1.3029400997932312,1.3029400997932312
RXN-11633,-0.5275003693710623,-0.5275003693710623
RXN-11576,-0.5275003693710623,-0.5275003693710623
RXN0-5510,0.7025449689281953,0.7025449689281953
RXN-11638,-0.5275003693710623,-0.5275003693710623
RXN0-7283,0.7025449689281953,0.7025449689281953
RXN-11586,-0.5275003693710623,-0.5275003693710623
1.6.5.7-RXN,2.0796695601093775,2.0796695601093775
1.6.5.6-RXN,1.5264496949475976,1.5264496949475976
1.6.5.6-RXN_REV,1.7267407350365238,1.7267407350365238
RXN-11601,-0.5275003693710623,-0.5275003693710623
RXN-11578,-0.5275003693710623,-0.5275003693710623
RXN-11573,-0.5275003693710623,-0.5275003693710623
RXN-12462,-0.5275003693710623,-0.5275003693710623
RXN-11209,0.9854226068566763,0.9854226068566763
RXN-11209_REV,0.037830122340968796,0.037830122340968796
1.5.1.25-RXN,1.42345119019311,1.42345119019311
RXN-11592,-0.5275003693710623,-0.5275003693710623
RXN-11588,-0.5275003693710623,-0.5275003693710623
RXN-11602,-0.5275003693710623,-0.5275003693710623
RXN-11181,-0.5333760067989036,-0.5333760067989036
RXN-11574,-0.5275003693710623,-0.5275003693710623
RXN-12463,-0.5275003693710623,-0.5275003693710623
RXN-11596,-0.5275003693710623,-0.5275003693710623
1.3.1.54-RXN,0.9854226068566763,0.9854226068566763
1.3.1.54-RXN_REV,0.11229104156004706,0.11229104156004706
1.3.1.2-RXN,-0.18708664335714442,1.0
1.3.1.2-RXN_REV,0.06856088904916709,0.06856088904916709
1.2.1.54-RXN,0.9495579602389296,0.9495579602389296
1.2.1.31-RXN,0.964934540531684,0.964934540531684
1.2.1.2-RXN,0.842909247976824,0.842909247976824
1.2.1.2-RXN_REV,0.5062076873812165,0.5062076873812165
1.2.1.13-RXN,0.22280210163679876,0.22280210163679876
RXN-19311,1.2449684709210587,1.2449684709210587
RXN-11027,0.7025449689281953,0.7025449689281953
RXN-11026,-0.5333760067989036,-0.5333760067989036
RXN-11006,0.6709226962505179,0.6709226962505179
RXN-19255,1.067059592142665,1.067059592142665
RXN-19252,1.040508072877839,1.040508072877839
RXN-19195,0.9277656837907946,0.9277656837907946
RXN-19194,0.9277656837907946,0.9277656837907946
RXN-19193,0.9277656837907946,0.9277656837907946
RXN-19192,0.9277656837907946,0.9277656837907946
RXN-19185,0.9277656837907946,0.9277656837907946
1.1.1.291-RXN,1.466453953092289,1.466453953092289
1.1.1.178-RXN,1.3604122206358107,1.3604122206358107
1.1.1.178-RXN_REV,1.466453953092289,1.466453953092289
RXN-19024,-0.30478423723438114,-0.30478423723438114
RXN-18999,1.73191208732068,1.73191208732068
RXN-18999_REV,1.1583624920952498,1.0
3.1.3.77-RXN,0.9256895173517816,0.9256895173517816
RXN-19774,0.26907368093494916,0.26907368093494916
RXN0-5388,2.0796695601093775,2.0796695601093775
RXN-18709,-0.0007927023404351158,-0.0007927023404351158
RXN-18708,-0.0007927023404351158,-0.0007927023404351158
RXN-10701,0.7185016888672743,1.0
RXN-10700,0.7185016888672743,1.0
RXN-18661,0.4096911864210102,0.4096911864210102
RXN-18660,0.6231300940851963,0.6231300940851963
RXN-10699,0.7185016888672743,1.0
RXN-18659,0.9256895173517816,0.9256895173517816
DALADEHYDROG-RXN,1.1903316981702914,1.0
RXN-18427,1.0907415776626672,1.0907415776626672
RXN-18397,0.3722683520837414,0.3722683520837414
RXN-18396,1.0884244810724792,1.0884244810724792
2KETO-3METHYLVALERATE-RXN,0.9495579602389296,0.9495579602389296
2KETO-3METHYLVALERATE-RXN_REV,0.7819446011123077,0.7819446011123077
RXN-18383,-0.5333760067989036,-0.5333760067989036
RXN-10445,0.22274340155423114,0.22274340155423114
RXN-18354,0.18714646867687662,0.18714646867687662
RXN-18331,2.7041505168397992,1.0
RXN-18331_REV,1.3112908954483242,1.3112908954483242
RXN-18330,2.7041505168397992,1.0
RXN-18330_REV,1.3112908954483242,1.3112908954483242
RXN-10139,0.6989593942586318,0.6989593942586318
RXN-10139_REV,0.06938715116563114,0.06938715116563114
RXN-17950,0.9104127413025104,0.9104127413025104
R83-RXN,0.9256895173517816,0.9256895173517816
R502-RXN,0.9104127413025104,0.9104127413025104
R501-RXN,0.13115170329956521,0.13115170329956521
RXN-17796,0.09206650004128807,0.09206650004128807
RXN-17792,0.09206650004128807,0.09206650004128807
RXN-17788,0.09206650004128807,0.09206650004128807
R4-RXN,1.3112908954483242,1.3112908954483242
RXN-17784,0.09206650004128807,0.09206650004128807
RXN-17783,0.09206650004128807,0.09206650004128807
RXN-17779,0.09206650004128807,0.09206650004128807
RXN-17775,0.09206650004128807,0.09206650004128807
R342-RXN,-2.194297681144203,-2.194297681144203
XYLONATE-DEHYDRATASE-RXN,1.367653532581748,1.367653532581748
R322-RXN,-0.5275003693710623,-0.5275003693710623
VAGL-RXN,0.7108288405258568,0.7108288405258568
VAGL-RXN_REV,0.5846857938906289,0.5846857938906289
URUR-RXN,-0.1816331870043028,-0.1816331870043028
UROCANATE-HYDRATASE-RXN,1.367653532581748,1.367653532581748
UREIDOGLYCOLATE-LYASE-RXN,-0.30478423723438114,-0.30478423723438114
R170-RXN,0.582397952361627,0.582397952361627
UDP-NACMURALGLDAPAALIG-RXN,0.6689988856864363,0.6689988856864363
RXN-17571,1.3604122206358107,1.3604122206358107
RXN-17571_REV,1.4731346539801415,1.4731346539801415
R103-RXN,1.367653532581748,1.367653532581748
R102-RXN,0.5610786922338374,0.5610786922338374
R102-RXN_REV,0.7185016888672743,1.0
R-2-METHYLMALATE-DEHYDRATASE-RXN,1.367653532581748,1.367653532581748
R-2-METHYLMALATE-DEHYDRATASE-RXN_REV,1.367653532581748,1.367653532581748
QUINOLINATE-SYNTHA-RXN,-0.27980632924916093,-0.27980632924916093
PYRIMSYN1-RXN,-0.34828017765450575,-0.34828017765450575
RXN-17393,1.3865674794105871,1.3865674794105871
RXN-17392,1.3865674794105871,1.3865674794105871
THIOPURINE-S-METHYLTRANSFERASE-RXN,-0.5275003693710623,-0.5275003693710623
THI-P-SYN-RXN,-0.27980632924916093,-0.27980632924916093
SULFOCYS-RXN,1.2010105743445914,1.2010105743445914
SULFOCYS-RXN_REV,-0.27980632924916093,-0.27980632924916093
SULFATE-ADENYLYLTRANS-RXN,0.4199970070339835,0.4199970070339835
SULFATE-ADENYLYLTRANS-RXN_REV,1.1953899517069948,1.1953899517069948
PHOSPHATE-BUTYRYLTRANSFERASE-RXN,0.26907368093494916,0.26907368093494916
PHOSPHATE-BUTYRYLTRANSFERASE-RXN_REV,0.7185016888672743,1.0
PHOSPHAGLYPSYN-RXN,-1.0672454042692712,-1.0672454042692712
PGLYCEROLTRANSI-RXN,-1.0672454042692712,-1.0672454042692712
PGLYCEROLTRANSI-RXN_REV,-1.0672454042692712,-1.0672454042692712
PDXJ-RXN,1.0413926851582251,1.0
RXN-17006,0.6709226962505179,0.6709226962505179
RXN-17005,0.6709226962505179,0.6709226962505179
ORNITHINE-GLU-AMINOTRANSFERASE-RXN,0.6505928540059991,0.6505928540059991
ORNITHINE-GLU-AMINOTRANSFERASE-RXN_REV,0.5846857938906289,0.5846857938906289
SELENOCYSTEINE-LYASE-RXN,0.6194621295314812,0.6194621295314812
RXN-16937,-0.27980632924916093,-0.27980632924916093
OCTAPRENYL-METHYL-METHOXY-BENZOQ-OH-RXN,0.18714646867687662,0.18714646867687662
RXN-16880,-0.5275003693710623,-0.5275003693710623
RXNQT-4345,0.7211006498748218,0.7211006498748218
RXNQT-4345_REV,0.7211006498748218,0.7211006498748218
RXN-16813,0.9411956845590382,0.9411956845590382
RXN-16807,0.9411956845590382,0.9411956845590382
RXN-16750,0.6231300940851963,0.6231300940851963
N-CARBAMOYLPUTRESCINE-AMIDASE-RXN,1.0884244810724792,1.0884244810724792
MYO-INOSOSE-2-DEHYDRATASE-RXN,1.367653532581748,1.367653532581748
RXNQT-4142,0.9256895173517816,0.9256895173517816
RXNMETA-12672,0.7683908163920741,0.7683908163920741
RXNI-2,1.5090842813800682,1.5090842813800682
RXNI-2_REV,1.8506462351830666,1.0
METHYLITACONATE-DELTA-ISOMERASE-RXN,2.1373144017237995,2.1373144017237995
METHYLACYLYLCOA-HYDROXY-RXN,1.367653532581748,1.367653532581748
METHYLACYLYLCOA-HYDROXY-RXN_REV,1.367653532581748,1.367653532581748
RXN-16493,1.1978988333732419,1.1978988333732419
RXN-16312,1.7559159795494486,1.7559159795494486
LONG-CHAIN-ACYL-COA-DEHYDROGENASE-RXN,0.09206650004128807,0.09206650004128807
LONG-CHAIN-ACYL-COA-DEHYDROGENASE-RXN_REV,0.09206650004128807,0.09206650004128807
RXN0-949,-0.0007927023404351158,-0.0007927023404351158
RXN0-21,0.3582865819246311,0.3582865819246311
TRANS-RXN-167,1.4042742756202027,1.4042742756202027
TRANS-RXN-167A,0.5056329929598232,0.5056329929598232
THDPS,0.24945727292023823,0.24945727292023823
PSSA161,-1.0672454042692712,-1.0672454042692712
AGPAT160,0.26907368093494916,0.26907368093494916
PSSA160,-1.0672454042692712,-1.0672454042692712
AGPAT161,0.26907368093494916,0.26907368093494916
DNMPPA,0.7025449689281953,0.7025449689281953
4HTHRK,0.6231300940851963,0.6231300940851963
PEPSYNTH-RXN,0.8625314860740728,0.8625314860740728
2.7.9.3-RXN,0.8625314860740728,0.8625314860740728
RXN0-3461,1.0821043972501918,1.0821043972501918
RXN-11176,0.13193633843261177,0.13193633843261177
SULFITE-REDUCTASE-FERREDOXIN-RXN,1.7669485216452778,1.7669485216452778
GCVP-RXN,0.6127838567197355,1.0
GCVP-RXN_REV,0.9380345664327766,0.9380345664327766
RXN-12104,0.8322906874699229,0.8322906874699229
1.8.98.1-RXN,1.2956121645219194,1.2956121645219194
SUPEROX-DISMUT-RXN,1.0003669736242407,1.0003669736242407
RXN-8348,0.38603358271401694,0.38603358271401694
RXN-15829,0.8099990154720813,0.8099990154720813
RXN0-5268,-0.09691001300805639,1.0
NADH-DEHYDROG-A-RXN,1.3222305950273052,1.3222305950273052
NADH-DEHYDROG-A-RXN_REV,1.1657285956362609,1.1657285956362609
RXN0-5266,-0.09691001300805639,1.0
RXN-12164,-0.09691001300805639,1.0
ABC-70-RXN,0.5989467238914824,0.5989467238914824
ABC-27-RXN,0.5989467238914824,0.5989467238914824
TRANS-RXN0-268,0.5989467238914824,0.5989467238914824
RXN0-11,0.6237446197298754,0.6237446197298754
ABC-24-RXN,0.5638380811016842,0.5638380811016842
TRANS-RXN-296,0.5989467238914824,0.5989467238914824
RXN-19739,1.255272505103306,1.0
TRANS-RXN0-513,0.5989467238914824,0.5989467238914824
ABC-36-RXN,0.5989467238914824,0.5989467238914824
ABC-16-RXN,0.6445015741733782,0.6445015741733782
ATPSYN-RXN,0.5989467238914824,0.5989467238914824
ATPSYN-RXN_REV,1.2271270510777217,1.2271270510777217
RXN0-3,0.5367249623721105,0.5367249623721105
TRANS-RXN-312,0.5989467238914824,0.5989467238914824
ABC-13-RXN,0.5989467238914824,0.5989467238914824
TRANS-RXN0-593,0.5989467238914824,0.5989467238914824
TRANS-RXN0-503,0.6309988902956725,0.6309988902956725
ABC-8-RXN,0.5989467238914824,0.5989467238914824
ABC-10-RXN,0.5989467238914824,0.5989467238914824
TRANS-RXN0-222,0.5989467238914824,0.5989467238914824
ABC-25-RXN,0.607471730553035,0.607471730553035
ABC-5-RXN,0.5989467238914824,0.5989467238914824
ABC-20-RXN,0.5989467238914824,0.5989467238914824
TRANS-RXN0-207,0.5945742662554919,0.5945742662554919
RXN0-4522,0.5989467238914824,0.5989467238914824
TRANS-RXN-366,0.5989467238914824,0.5989467238914824
TRANS-RXN-290,0.5989467238914824,0.5989467238914824
TRANS-RXN0-617,0.5989467238914824,0.5989467238914824
TRANS-RXN0-508,0.5989467238914824,0.5989467238914824
ABC-34-RXN,0.5989467238914824,0.5989467238914824
RXN-8638,0.5989467238914824,0.5989467238914824
TRANS-RXN0-504,0.6257484938847534,0.6257484938847534
ABC-9-RXN,0.5989467238914824,0.5989467238914824
TRANS-RXN0-162,0.5989467238914824,0.5989467238914824
ABC-7-RXN,0.5989467238914824,0.5989467238914824
ABC-26-RXN,0.5989467238914824,0.5989467238914824
TRANS-RXN-194,0.5989467238914824,0.5989467238914824
TRANS-RXN0-573,0.5989467238914824,0.5989467238914824
ABC-4-RXN,0.5989467238914824,0.5989467238914824
ABC-19-RXN,0.5989467238914824,0.5989467238914824
TRANS-RXN-291,0.5989467238914824,0.5989467238914824
ABC-35-RXN,0.5989467238914824,0.5989467238914824
ABC-15-RXN,0.5989467238914824,0.5989467238914824
RXN-18029,0.5989467238914824,0.5989467238914824
TRANS-RXN0-202,0.5989467238914824,0.5989467238914824
TRANS-RXN-220,0.5989467238914824,0.5989467238914824
ABC-12-RXN,0.606798718415119,0.606798718415119
TRANS-RXN-2,0.5989467238914824,0.5989467238914824
TRANS-RXN0-277,1.2705265955378722,1.2705265955378722
TRANS-RXN-237,0.5989467238914824,0.5989467238914824
TRANS-RXN-214,1.3222305950273052,1.3222305950273052
