GoTerm,Genes,GeneNumber,GeneNumDet_NACL60,MassFrac_NACL60,GeneNumDet_NACL20,MassFrac_NACL20,GeneNumDet_NACL100,MassFrac_NACL100,GeneNumDet_HN,MassFrac_HN,GeneNumDet_Fermentation-9h,MassFrac_Fermentation-9h,GeneNumDet_Fermentation-19h,MassFrac_Fermentation-19h,GeneNumDet_Fermentation-30h,MassFrac_Fermentation-30h,GeneNumDet_MU,MassFrac_MU
GO:0006457,TD01GL000341;TD01GL001551;TD01GL001736;TD01GL001743;TD01GL002151,5.0,5.0,0.024739271053744353,5.0,0.03971788225659286,5.0,0.040616916755678446,5.0,0.025257023448456324,4.0,0.03092189654673904,4.0,0.028647438445744158,4.0,0.028882976153549025,5.0,0.00784233689340513
GO:0008643,TD01GL000259;TD01GL000261;TD01GL001072;TD01GL001434;TD01GL001436;TD01GL003296,6.0,2.0,0.00017948849689138784,1.0,9.417005912996031e-06,2.0,7.618204342471571e-05,2.0,0.00016724063198943974,2.0,0.00015520231628871447,2.0,0.000271737530657497,2.0,0.00024189732378567593,0.0,0.0
GO:0006754,TD01GL003778;TD01GL003779;TD01GL003780;TD01GL003781;TD01GL003782;TD01GL003783;TD01GL003784;TD01GL003785,8.0,7.0,0.023647362144640773,7.0,0.025318715447535584,7.0,0.025146553783976414,7.0,0.025657300439620646,0.0,0.0,0.0,0.0,0.0,0.0,6.0,0.03544102095735138
GO:0018193,TD01GL000590;TD01GL001101;TD01GL001312;TD01GL002983;TD01GL003450;TD01GL003452;TD01GL003707,7.0,5.0,0.002887948116087638,4.0,0.002478877633311738,5.0,0.003571772566524868,5.0,0.003079211588699231,3.0,0.002937599263939156,3.0,0.002480190580795793,3.0,0.002744225517021392,3.0,0.007285728490311525
GO:0015031,TD01GL000479;TD01GL000480;TD01GL000481;TD01GL000600;TD01GL000601;TD01GL000688;TD01GL001093;TD01GL001548;TD01GL001549;TD01GL001550,10.0,4.0,0.00043561208966132046,0.0,0.0,5.0,0.001060906689794625,3.0,0.0005027189470322446,2.0,0.0010431041347075914,3.0,0.0011841668324405943,3.0,0.0011669874634062556,3.0,0.0013169352386033695
GO:0006281,TD01GL000156;TD01GL000510;TD01GL001523;TD01GL001668;TD01GL001870;TD01GL001891;TD01GL002020;TD01GL002240;TD01GL003097;TD01GL003182;TD01GL003356,11.0,6.0,4.7931782020119016e-05,3.0,3.445380451306484e-05,5.0,7.360467302915482e-05,4.0,5.2109164964004295e-05,3.0,7.314032906625146e-05,3.0,4.678373197033799e-05,3.0,3.401326693287197e-05,0.0,0.0
GO:0023052,TD01GL000375;TD01GL000667;TD01GL001533;TD01GL001648;TD01GL001987;TD01GL002852;TD01GL002860;TD01GL002886;TD01GL003229;TD01GL003292;TD01GL003307;TD01GL003322;TD01GL003562,13.0,6.0,0.0002343247966923509,2.0,3.257529295585291e-05,6.0,0.00023060032608449024,7.0,0.0003317001472057185,6.0,0.00035170918806603254,6.0,0.0004337122904985867,6.0,0.00031437101544474946,2.0,0.0009527793997237621
GO:0070271,TD01GL000440;TD01GL000461;TD01GL000749;TD01GL000750;TD01GL000751;TD01GL000752;TD01GL000753;TD01GL001054;TD01GL001297;TD01GL001303;TD01GL001317;TD01GL001411;TD01GL001719;TD01GL002041;TD01GL002206,15.0,5.0,0.0003038481839601779,3.0,6.756653723500279e-05,6.0,0.00016004075355947152,6.0,0.0004050378798598821,2.0,0.0011016996689305026,2.0,0.0005142246765901765,2.0,0.0004437344441757002,3.0,0.001652587696671988
GO:0009311,TD01GL000016;TD01GL000019;TD01GL000504;TD01GL000533;TD01GL000534;TD01GL000535;TD01GL000536;TD01GL001742;TD01GL002282;TD01GL002295;TD01GL002517;TD01GL002921;TD01GL003141;TD01GL003259;TD01GL003773,15.0,11.0,0.0017499484534752208,11.0,0.001746815434584818,11.0,0.001636667492625064,11.0,0.0018705757715662828,9.0,0.001142984763429707,9.0,0.0012322365115612372,9.0,0.0012745517065638333,5.0,0.0018147660218796346
GO:0006865,TD01GL000166;TD01GL000168;TD01GL000772;TD01GL000773;TD01GL001622;TD01GL001705;TD01GL001706;TD01GL002200;TD01GL002681;TD01GL002888;TD01GL002889;TD01GL003255;TD01GL003256;TD01GL003606;TD01GL003792;TD01GL003793,16.0,11.0,0.008731497646845568,5.0,0.0017483407251808068,9.0,0.010271695619076492,10.0,0.007752143028635174,9.0,0.0013809500535948316,9.0,0.0018494518169041177,9.0,0.0014111350754687072,4.0,0.0015973027548400551
GO:0046034,TD01GL000930;TD01GL001365;TD01GL001717;TD01GL001815;TD01GL002319;TD01GL002642;TD01GL002810;TD01GL003035;TD01GL003038,9.0,2.0,0.0019321445268884175,3.0,0.00037008399375205737,3.0,0.0005391045683473548,2.0,0.00205654313187561,2.0,0.0014025678578879683,2.0,0.0013313922563414277,2.0,0.0016018592763931072,1.0,0.0005562221995676605
GO:0006364,TD01GL000033;TD01GL000354;TD01GL000497;TD01GL000634;TD01GL000660;TD01GL000830;TD01GL001106;TD01GL001209;TD01GL001306;TD01GL001562;TD01GL001763;TD01GL002216;TD01GL002221;TD01GL002275;TD01GL002309;TD01GL002310;TD01GL002657;TD01GL003094;TD01GL003206;TD01GL003812,20.0,16.0,0.0005981181354796774,12.0,0.0009335353227784627,16.0,0.0007550956728964761,16.0,0.0005765922857658612,15.0,0.0009001851609974345,15.0,0.000756168968537868,15.0,0.0005628137855451375,3.0,0.00039984069705701394
GO:0006099,TD01GL001053;TD01GL001056;TD01GL001057;TD01GL001058;TD01GL001059;TD01GL001062;TD01GL001099;TD01GL001107;TD01GL001249;TD01GL001250;TD01GL001686;TD01GL001890;TD01GL002096;TD01GL002218;TD01GL002551;TD01GL002947;TD01GL003213;TD01GL003666,18.0,18.0,0.04880247706977181,16.0,0.03269669508695731,17.0,0.0505869787289292,18.0,0.052781494514233133,17.0,0.0535550971456935,17.0,0.046531934283438506,17.0,0.04275329646911186,18.0,0.0376774407040376
GO:0006418,TD01GL000007;TD01GL000008;TD01GL000390;TD01GL000483;TD01GL000577;TD01GL000656;TD01GL000740;TD01GL001051;TD01GL001241;TD01GL001321;TD01GL001596;TD01GL001726;TD01GL001730;TD01GL001731;TD01GL001745;TD01GL001746;TD01GL001882;TD01GL002012;TD01GL002141;TD01GL002387;TD01GL003241;TD01GL003249,22.0,21.0,0.009196583280211685,20.0,0.01609675899045431,20.0,0.013753635665863361,20.0,0.010438366820688787,20.0,0.014484457039397014,20.0,0.010583934233575072,20.0,0.008172974688201363,19.0,0.009620799688353887
GO:0006351,TD01GL000134;TD01GL000171;TD01GL000240;TD01GL001349;TD01GL001351;TD01GL002195;TD01GL002736;TD01GL003017;TD01GL003354;TD01GL003358;TD01GL003488;TD01GL003490;TD01GL003500;TD01GL003501,14.0,8.0,0.003935600464687596,5.0,0.0032897629507870484,7.0,0.0018126223700312457,7.0,0.004223613938203968,5.0,0.003206319075066019,5.0,0.009049773001180756,5.0,0.00936490619252438,5.0,0.00503923902544448
GO:0006979,TD01GL000026;TD01GL000149;TD01GL000320;TD01GL000909;TD01GL001016;TD01GL001045;TD01GL001130;TD01GL001193;TD01GL001194;TD01GL001833;TD01GL001861;TD01GL002135;TD01GL002145;TD01GL002558;TD01GL002792;TD01GL002836;TD01GL002952;TD01GL003212;TD01GL003341;TD01GL003432;TD01GL003441;TD01GL003485;TD01GL003499;TD01GL003706,24.0,19.0,0.021418920693608505,11.0,0.012972404526951186,19.0,0.01556183938621812,19.0,0.02027129245475884,14.0,0.01489419740790756,14.0,0.02037455430104477,14.0,0.021485256838685494,9.0,0.011336564452329494
GO:0006096,TD01GL000030;TD01GL000048;TD01GL000049;TD01GL000357;TD01GL000554;TD01GL000733;TD01GL001060;TD01GL001290;TD01GL001380;TD01GL001381;TD01GL001404;TD01GL001412;TD01GL001443;TD01GL002404;TD01GL003014;TD01GL003062;TD01GL003063;TD01GL001437;TD01GL001439;TD01GL001444;TD01GL001222;TD01GL001283;TD01GL000053;TD01GL000020;TD01GL001582,25.0,21.0,0.04257423122224807,21.0,0.035258384474556946,21.0,0.05924655555405693,21.0,0.041937017769513536,21.0,0.0497359856552935,21.0,0.03970514409826088,21.0,0.041251997136701815,15.0,0.026121645515932452
GO:0008033,TD01GL000363;TD01GL000378;TD01GL000540;TD01GL000606;TD01GL000666;TD01GL000671;TD01GL000672;TD01GL001104;TD01GL001134;TD01GL001176;TD01GL001632;TD01GL001692;TD01GL001823;TD01GL001826;TD01GL002062;TD01GL002377;TD01GL002382;TD01GL002425;TD01GL002928;TD01GL003046;TD01GL003067;TD01GL003101;TD01GL003161;TD01GL003192;TD01GL003765,25.0,18.0,0.0007076578445120149,12.0,0.0014015151160903139,16.0,0.0008779969914885693,17.0,0.0006418436843008778,9.0,0.0008170847578196715,9.0,0.0005247367848844144,9.0,0.0003539342589846641,3.0,0.001864210490432449
GO:0000902,TD01GL000214;TD01GL000527;TD01GL000720;TD01GL000899;TD01GL001117;TD01GL001553;TD01GL001563;TD01GL001567;TD01GL001580;TD01GL001680;TD01GL002278;TD01GL002299;TD01GL002300;TD01GL002301;TD01GL002303;TD01GL002304;TD01GL002305;TD01GL002306;TD01GL002307;TD01GL002329;TD01GL002617;TD01GL002917;TD01GL002918;TD01GL003775,24.0,19.0,0.0036817804839714015,15.0,0.0041957823721254835,17.0,0.003781427176997372,18.0,0.003777954163142529,13.0,0.00386429050276761,13.0,0.004863542144714407,13.0,0.002888502728160618,10.0,0.004207388352490298
GO:0006412,TD01GL000636;TD01GL001343;TD01GL002230;TD01GL002357;TD01GL002358,5.0,5.0,0.002425228957054972,5.0,0.0027770913531336935,5.0,0.002838126021992433,5.0,0.002684134209285508,5.0,0.0033364601928252205,5.0,0.00287102005280371,5.0,0.0023783275395012978,5.0,0.0022547132166528838
GO:0071554,TD01GL000151;TD01GL000900;TD01GL001003;TD01GL001565;TD01GL001768;TD01GL002263;TD01GL002363;TD01GL002476;TD01GL002635;TD01GL003064,10.0,7.0,0.001576971135142972,6.0,0.0017640315005812254,8.0,0.001798377969229956,6.0,0.001773394918508725,4.0,0.00244546464937814,4.0,0.0018662325407119375,4.0,0.0015366850397277119,3.0,0.0007769895501021737
GO:0055085,TD01GL000262;TD01GL000592;TD01GL000593;TD01GL000690;TD01GL001197;TD01GL001198;TD01GL001585;TD01GL002017;TD01GL002341;TD01GL003294;TD01GL003295,11.0,5.0,0.004732552327193023,5.0,0.0008143196280980598,6.0,0.0017841539453752537,5.0,0.004387028027717701,4.0,0.0027214744936175823,4.0,0.004942577432253409,4.0,0.006068468353064357,4.0,0.004049399243875723
GO:0045333,TD01GL000932;TD01GL001223;TD01GL001588;TD01GL001704;TD01GL001816;TD01GL002097;TD01GL002105;TD01GL002108;TD01GL002256,9.0,4.0,0.002131897744843665,3.0,0.0008907773506225751,4.0,0.0013449998858777318,4.0,0.002213743952492685,4.0,0.0021246042695199936,4.0,0.003399015303024343,4.0,0.0035456498456811875,4.0,0.0016570297797942628
GO:0006811,TD01GL000260;TD01GL000475;TD01GL000745;TD01GL000746;TD01GL000847;TD01GL000852;TD01GL001196;TD01GL001218;TD01GL001367;TD01GL001457;TD01GL001460;TD01GL001584;TD01GL001586;TD01GL001587;TD01GL001589;TD01GL002075;TD01GL002874;TD01GL002875;TD01GL002876;TD01GL003013;TD01GL003407;TD01GL003598;TD01GL003599;TD01GL003663,24.0,10.0,0.016591858505574486,9.0,0.010945334190140366,9.0,0.01478094422991715,10.0,0.0161441357951389,9.0,0.012497222836430682,9.0,0.010924908903581974,9.0,0.00852427068527047,7.0,0.009041160967909693
GO:0006766,TD01GL000050;TD01GL000220;TD01GL000221;TD01GL000356;TD01GL000368;TD01GL000369;TD01GL000370;TD01GL000371;TD01GL000506;TD01GL000622;TD01GL000623;TD01GL000624;TD01GL000626;TD01GL000627;TD01GL000883;TD01GL000947;TD01GL000948;TD01GL000975;TD01GL001125;TD01GL001246;TD01GL001445;TD01GL001447;TD01GL001448;TD01GL001449;TD01GL001450;TD01GL001465;TD01GL001466;TD01GL001468;TD01GL001470;TD01GL001471;TD01GL001472;TD01GL001473;TD01GL001474;TD01GL001476;TD01GL001477;TD01GL001527;TD01GL001637;TD01GL001649;TD01GL001664;TD01GL001830;TD01GL002006;TD01GL002100;TD01GL002191;TD01GL002225;TD01GL002264;TD01GL002290;TD01GL002370;TD01GL002477;TD01GL002570;TD01GL002572;TD01GL002573;TD01GL002776;TD01GL002914;TD01GL003085;TD01GL003211;TD01GL003251;TD01GL003632;TD01GL003636;TD01GL003670;TD01GL003691;TD01GL003798,61.0,39.0,0.004982725377133686,27.0,0.0045519839243792146,41.0,0.005419373014074374,42.0,0.005512781865284276,27.0,0.007710778457240392,26.0,0.004619963959847417,27.0,0.003650827350590591,14.0,0.00430765812514242
GO:0006091,TD01GL001248;TD01GL002014;TD01GL002019;TD01GL002428;TD01GL002488,5.0,3.0,0.0008952501293111992,2.0,0.00029114314126821425,3.0,0.0006267063069745782,3.0,0.001137191232327272,3.0,0.0011365529226109103,3.0,0.001331220693624224,3.0,0.0011738178837018204,1.0,0.001038659985325897
GO:0055114,TD01GL000367;TD01GL000715;TD01GL001245;TD01GL001316;TD01GL001327;TD01GL001328;TD01GL002124;TD01GL002416;TD01GL002497;TD01GL002579;TD01GL002668;TD01GL002898;TD01GL003380;TD01GL003529;TD01GL003530,15.0,15.0,0.016238354408838213,9.0,0.0026104193353758782,13.0,0.0072134970598924505,15.0,0.014990013467718121,13.0,0.012149152690068266,13.0,0.016441039662581623,13.0,0.01917948532657762,10.0,0.014122924924742195
GO:1901565,TD01GL000328;TD01GL000331;TD01GL000346;TD01GL000347;TD01GL000348;TD01GL000412;TD01GL000445;TD01GL000446;TD01GL000513;TD01GL000616;TD01GL000617;TD01GL000665;TD01GL000712;TD01GL000857;TD01GL000864;TD01GL001074;TD01GL001377;TD01GL001616;TD01GL001625;TD01GL001646;TD01GL001696;TD01GL001707;TD01GL001709;TD01GL001712;TD01GL001899;TD01GL001901;TD01GL001915;TD01GL001917;TD01GL001918;TD01GL002048;TD01GL002085;TD01GL002193;TD01GL002194;TD01GL002202;TD01GL002203;TD01GL002205;TD01GL002368;TD01GL002439;TD01GL002441;TD01GL002442;TD01GL002450;TD01GL002451;TD01GL002679;TD01GL002757;TD01GL002783;TD01GL002784;TD01GL002785;TD01GL002786;TD01GL002821;TD01GL002968;TD01GL002969;TD01GL002974;TD01GL002975;TD01GL002981;TD01GL003016;TD01GL003065;TD01GL003160;TD01GL003171;TD01GL003173;TD01GL003291;TD01GL003347;TD01GL003351;TD01GL003369;TD01GL003370;TD01GL003376;TD01GL003377;TD01GL003378;TD01GL003379;TD01GL003388;TD01GL003394;TD01GL003398;TD01GL003508;TD01GL003549;TD01GL003592;TD01GL003593;TD01GL003594,76.0,61.0,0.01940543719499995,36.0,0.010168521191471849,59.0,0.021759997481292474,62.0,0.022058281169021223,57.0,0.028167943431885112,57.0,0.027463744935889926,57.0,0.02690256267304441,41.0,0.04074537926974004
GO:1901607,TD01GL000021;TD01GL000022;TD01GL000058;TD01GL000237;TD01GL000263;TD01GL000301;TD01GL000345;TD01GL000350;TD01GL000351;TD01GL000384;TD01GL000386;TD01GL000406;TD01GL000423;TD01GL000470;TD01GL000503;TD01GL000517;TD01GL000518;TD01GL000520;TD01GL000683;TD01GL000684;TD01GL000705;TD01GL000729;TD01GL000730;TD01GL000741;TD01GL000771;TD01GL001127;TD01GL001226;TD01GL001227;TD01GL001228;TD01GL001264;TD01GL001559;TD01GL001627;TD01GL001628;TD01GL001629;TD01GL001630;TD01GL001633;TD01GL001641;TD01GL001846;TD01GL001900;TD01GL002005;TD01GL002036;TD01GL002049;TD01GL002214;TD01GL002222;TD01GL002291;TD01GL002327;TD01GL002328;TD01GL002390;TD01GL002399;TD01GL002480;TD01GL002539;TD01GL002565;TD01GL002593;TD01GL002693;TD01GL002710;TD01GL002723;TD01GL002787;TD01GL002922;TD01GL002939;TD01GL003087;TD01GL003123;TD01GL003185;TD01GL003186;TD01GL003187;TD01GL003188;TD01GL003193;TD01GL003196;TD01GL003199;TD01GL003202;TD01GL003203;TD01GL003302;TD01GL003303;TD01GL003304;TD01GL003305;TD01GL003306;TD01GL003474;TD01GL003628;TD01GL003702;TD01GL003703;TD01GL003705;TD01GL003795,81.0,74.0,0.04775143967088956,71.0,0.036333084441474456,75.0,0.04328014236558026,74.0,0.049165583284028036,68.0,0.05471276246215997,68.0,0.05673551175914073,68.0,0.05791966785988562,65.0,0.04263230033165331
GO:0005975,TD01GL000009;TD01GL000011;TD01GL000018;TD01GL000389;TD01GL000429;TD01GL000570;TD01GL000732;TD01GL000850;TD01GL000981;TD01GL000990;TD01GL001009;TD01GL001033;TD01GL001034;TD01GL001069;TD01GL001224;TD01GL001407;TD01GL001441;TD01GL001683;TD01GL001852;TD01GL001868;TD01GL001910;TD01GL002083;TD01GL002131;TD01GL002132;TD01GL002136;TD01GL002280;TD01GL002314;TD01GL002337;TD01GL002338;TD01GL002360;TD01GL002492;TD01GL002493;TD01GL002506;TD01GL002507;TD01GL002513;TD01GL002518;TD01GL002519;TD01GL002520;TD01GL002531;TD01GL002559;TD01GL002576;TD01GL002588;TD01GL002732;TD01GL002900;TD01GL003262;TD01GL003263;TD01GL003411;TD01GL003414;TD01GL003422;TD01GL003433;TD01GL003438,51.0,37.0,0.01406623528394432,26.0,0.008750198045499995,35.0,0.014535828609255681,37.0,0.015477390932841601,31.0,0.019689381855013496,31.0,0.017483505120732823,31.0,0.01603952925106066,26.0,0.01697825741972562
GO:0090304,TD01GL000007;TD01GL000008;TD01GL000033;TD01GL000056;TD01GL000067;TD01GL000134;TD01GL000156;TD01GL000171;TD01GL000224;TD01GL000240;TD01GL000342;TD01GL000354;TD01GL000363;TD01GL000375;TD01GL000378;TD01GL000390;TD01GL000483;TD01GL000497;TD01GL000510;TD01GL000540;TD01GL000577;TD01GL000606;TD01GL000634;TD01GL000656;TD01GL000660;TD01GL000666;TD01GL000671;TD01GL000672;TD01GL000740;TD01GL000760;TD01GL000830;TD01GL001051;TD01GL001104;TD01GL001106;TD01GL001134;TD01GL001176;TD01GL001209;TD01GL001241;TD01GL001303;TD01GL001306;TD01GL001321;TD01GL001349;TD01GL001351;TD01GL001523;TD01GL001533;TD01GL001562;TD01GL001596;TD01GL001632;TD01GL001668;TD01GL001692;TD01GL001726;TD01GL001730;TD01GL001731;TD01GL001745;TD01GL001746;TD01GL001763;TD01GL001823;TD01GL001826;TD01GL001870;TD01GL001882;TD01GL001891;TD01GL002012;TD01GL002020;TD01GL002062;TD01GL002141;TD01GL002195;TD01GL002216;TD01GL002221;TD01GL002240;TD01GL002249;TD01GL002250;TD01GL002275;TD01GL002309;TD01GL002310;TD01GL002377;TD01GL002382;TD01GL002387;TD01GL002425;TD01GL002574;TD01GL002657;TD01GL002736;TD01GL002852;TD01GL002886;TD01GL002928;TD01GL003017;TD01GL003046;TD01GL003067;TD01GL003094;TD01GL003097;TD01GL003101;TD01GL003161;TD01GL003182;TD01GL003192;TD01GL003206;TD01GL003229;TD01GL003241;TD01GL003249;TD01GL003292;TD01GL003307;TD01GL003354;TD01GL003356;TD01GL003358;TD01GL003488;TD01GL003490;TD01GL003500;TD01GL003501;TD01GL003562;TD01GL003765;TD01GL003812,109.0,79.0,0.01592526885065899,58.0,0.024516921285102168,74.0,0.01989082670415217,76.0,0.018388063425899437,62.0,0.0224821237062381,62.0,0.0225841708905451,62.0,0.019857036611567208,37.0,0.021332606219449518
GO:0006629,TD01GL000146;TD01GL000147;TD01GL000148;TD01GL000249;TD01GL000278;TD01GL000296;TD01GL000474;TD01GL000528;TD01GL000529;TD01GL000539;TD01GL000657;TD01GL000828;TD01GL000991;TD01GL000992;TD01GL001185;TD01GL001207;TD01GL001251;TD01GL001261;TD01GL001271;TD01GL001279;TD01GL001636;TD01GL001818;TD01GL001889;TD01GL002043;TD01GL002067;TD01GL002180;TD01GL002204;TD01GL002224;TD01GL002265;TD01GL002267;TD01GL002268;TD01GL002269;TD01GL002367;TD01GL002386;TD01GL002429;TD01GL002495;TD01GL002569;TD01GL002790;TD01GL002929;TD01GL002930;TD01GL003058;TD01GL003102;TD01GL003137;TD01GL003246;TD01GL003357;TD01GL003531;TD01GL003631;TD01GL003728,48.0,28.0,0.011014692483155132,24.0,0.008421685123770551,27.0,0.01125836244411272,30.0,0.011502851261487751,24.0,0.013067446846665096,23.0,0.01243273587182262,24.0,0.011487580690617104,20.0,0.021015430608378266
GO:0051186,TD01GL000027;TD01GL000054;TD01GL000424;TD01GL000426;TD01GL000439;TD01GL000543;TD01GL000640;TD01GL000706;TD01GL000737;TD01GL000934;TD01GL000936;TD01GL000937;TD01GL001188;TD01GL001192;TD01GL001260;TD01GL001357;TD01GL001464;TD01GL001554;TD01GL001560;TD01GL001672;TD01GL001673;TD01GL001723;TD01GL001869;TD01GL001887;TD01GL001995;TD01GL002065;TD01GL002066;TD01GL002101;TD01GL002102;TD01GL002103;TD01GL002646;TD01GL003044;TD01GL003092;TD01GL003113;TD01GL003121;TD01GL003142;TD01GL003209;TD01GL003325;TD01GL003337;TD01GL003338;TD01GL003339;TD01GL003637;TD01GL003708;TD01GL003740;TD01GL003741;TD01GL003799;TD01GL003810,47.0,32.0,0.005764756322107911,25.0,0.005935917534364073,36.0,0.006636290254823929,33.0,0.006680573678232538,29.0,0.005505551361616422,29.0,0.0060274172172897185,29.0,0.00528965156239998,16.0,0.008408747360047927
GO:0055086,TD01GL000039;TD01GL000254;TD01GL000505;TD01GL000525;TD01GL000661;TD01GL000731;TD01GL000781;TD01GL000782;TD01GL000923;TD01GL000924;TD01GL000925;TD01GL000926;TD01GL001102;TD01GL001120;TD01GL001184;TD01GL001254;TD01GL001640;TD01GL001652;TD01GL001653;TD01GL001654;TD01GL001666;TD01GL001667;TD01GL001669;TD01GL001675;TD01GL001681;TD01GL001902;TD01GL002047;TD01GL002220;TD01GL002262;TD01GL002371;TD01GL002487;TD01GL002540;TD01GL002631;TD01GL002689;TD01GL002690;TD01GL002920;TD01GL003061;TD01GL003099;TD01GL003479;TD01GL003764;TD01GL003809,41.0,34.0,0.013201497936347008,34.0,0.017301187365668026,34.0,0.01684709013235454,34.0,0.013703342279177043,32.0,0.015871462211755956,32.0,0.01355463742482267,32.0,0.012876862635347453,31.0,0.015279360785726108
GO:0032787,TD01GL000070;TD01GL000420;TD01GL000421;TD01GL000641;TD01GL001237;TD01GL001375;TD01GL001376;TD01GL001769;TD01GL001857;TD01GL001858;TD01GL001859;TD01GL003030;TD01GL003031;TD01GL003032;TD01GL003330;TD01GL003532;TD01GL003533;TD01GL003534;TD01GL003535;TD01GL003536;TD01GL003537;TD01GL003539;TD01GL003540;TD01GL003558,24.0,18.0,0.006677613624227229,11.0,0.0021828249948131493,19.0,0.009679051488250722,19.0,0.007828689715823489,19.0,0.008970508512548114,19.0,0.007301356467413167,19.0,0.006869746931977382,16.0,0.025890163487526936
GO:0006520,TD01GL000546;TD01GL000726;TD01GL000727;TD01GL000854;TD01GL001167;TD01GL001339;TD01GL001524;TD01GL002004;TD01GL002122;TD01GL002123;TD01GL002236;TD01GL002289;TD01GL002444;TD01GL002494;TD01GL002556;TD01GL002817;TD01GL002818;TD01GL003019;TD01GL003136;TD01GL003288;TD01GL003344;TD01GL003363;TD01GL003364;TD01GL003366;TD01GL003387;TD01GL003412;TD01GL003461;TD01GL003466;TD01GL003564;TD01GL003714;TD01GL003721,31.0,22.0,0.003960170449186788,12.0,0.0028143369823567677,21.0,0.005199604066632556,22.0,0.0043831798697630065,20.0,0.009310096486137837,20.0,0.010666287056899025,20.0,0.012499181331083747,16.0,0.018977473292251447
Other,TD01GL002389;TD01GL003011;TD01GL001762;TD01GL000945;TD01GL001871;TD01GL002318;TD01GL001029;TD01GL000621;TD01GL003392;TD01GL002125;TD01GL002455;TD01GL000541;TD01GL000185;TD01GL001839;TD01GL003688;TD01GL002060;TD01GL003319;TD01GL001415;TD01GL001075;TD01GL000437;TD01GL002055;TD01GL000917;TD01GL000399;TD01GL000768;TD01GL001318;TD01GL001300;TD01GL001046;TD01GL000419;TD01GL003060;TD01GL003287;TD01GL001716;TD01GL001105;TD01GL001545;TD01GL001547;TD01GL002335;TD01GL003421;TD01GL003281;TD01GL003656;TD01GL002457;TD01GL003426;TD01GL000042;TD01GL001819;TD01GL002994;TD01GL002199;TD01GL002597;TD01GL001112;TD01GL003439;TD01GL002548;TD01GL002095;TD01GL003417;TD01GL002089;TD01GL001455;TD01GL000511;TD01GL003059;TD01GL001923;TD01GL000435;TD01GL001118;TD01GL001573;TD01GL002045;TD01GL003455;TD01GL003512;TD01GL003012;TD01GL001170;TD01GL002955;TD01GL002773;TD01GL001753;TD01GL002419;TD01GL000396;TD01GL002038;TD01GL000639;TD01GL000569;TD01GL002926;TD01GL003732;TD01GL000031;TD01GL000774;TD01GL001618;TD01GL002562;TD01GL002253;TD01GL002741;TD01GL001864;TD01GL000572;TD01GL000714;TD01GL003247;TD01GL000438;TD01GL003415;TD01GL003293;TD01GL003408;TD01GL000591;TD01GL002897;TD01GL000229;TD01GL001329;TD01GL001908;TD01GL002231;TD01GL003172;TD01GL001220;TD01GL003023;TD01GL003254;TD01GL003567;TD01GL000121;TD01GL000862;TD01GL000036;TD01GL002564;TD01GL002820;TD01GL003260;TD01GL000933;TD01GL000484;TD01GL003158;TD01GL001304;TD01GL001490;TD01GL001401;TD01GL000380;TD01GL002094;TD01GL002177;TD01GL002976;TD01GL003340;TD01GL000418;TD01GL003671;TD01GL001163;TD01GL001451;TD01GL003359;TD01GL000777;TD01GL000228;TD01GL003425;TD01GL001031;TD01GL001182;TD01GL000743;TD01GL001132;TD01GL000413;TD01GL003167;TD01GL000277;TD01GL002111;TD01GL002628;TD01GL001277;TD01GL002927;TD01GL003345;TD01GL002424;TD01GL003482;TD01GL001180;TD01GL001461;TD01GL001410;TD01GL000164;TD01GL001569;TD01GL001623;TD01GL002003;TD01GL003505;TD01GL002126;TD01GL001052;TD01GL000988;TD01GL002381;TD01GL001429;TD01GL000764;TD01GL001221;TD01GL003672;TD01GL001497;TD01GL002563;TD01GL000663;TD01GL000836;TD01GL000448;TD01GL003699;TD01GL001364;TD01GL002995;TD01GL000625;TD01GL002380;TD01GL003205;TD01GL000167;TD01GL002227;TD01GL003440;TD01GL001265;TD01GL002722;TD01GL000394;TD01GL000866;TD01GL003643;TD01GL001591;TD01GL001195;TD01GL001122;TD01GL000065;TD01GL001773;TD01GL001166;TD01GL002320;TD01GL003418;TD01GL000596;TD01GL002739;TD01GL002266;TD01GL001430;TD01GL003553;TD01GL000653;TD01GL000217;TD01GL002913;TD01GL002935;TD01GL001214;TD01GL003797;TD01GL003088;TD01GL001172;TD01GL002385;TD01GL000465;TD01GL000762;TD01GL000436;TD01GL000551;TD01GL001296;TD01GL002496;TD01GL002086;TD01GL002326;TD01GL001906;TD01GL002051;TD01GL003753;TD01GL000410;TD01GL000275;TD01GL000681;TD01GL002415;TD01GL000879;TD01GL003774;TD01GL003041;TD01GL002288;TD01GL003261;TD01GL001660;TD01GL002680;TD01GL002676;TD01GL002963;TD01GL003742;TD01GL002384;TD01GL001289;TD01GL003604;TD01GL002911;TD01GL002521;TD01GL003383;TD01GL001708;TD01GL003428;TD01GL003413;TD01GL003608;TD01GL001319;TD01GL000427;TD01GL002677;TD01GL000967;TD01GL001219;TD01GL001837;TD01GL001570;TD01GL002966;TD01GL001190;TD01GL000170;TD01GL002207;TD01GL003280;TD01GL002906;TD01GL003346;TD01GL000893;TD01GL001535;TD01GL002352;TD01GL002178;TD01GL000677;TD01GL000902;TD01GL003386;TD01GL001862;TD01GL003568;TD01GL002542;TD01GL000604;TD01GL001378;TD01GL000186;TD01GL001779;TD01GL002933;TD01GL002061;TD01GL000682;TD01GL002884;TD01GL000876;TD01GL001431;TD01GL002686;TD01GL003036;TD01GL001090;TD01GL002088;TD01GL002908;TD01GL001302;TD01GL002084;TD01GL003514;TD01GL001911;TD01GL003329;TD01GL002042;TD01GL000279;TD01GL003789;TD01GL001884;TD01GL002427;TD01GL002682;TD01GL003638;TD01GL003103;TD01GL000433;TD01GL000867;TD01GL003750;TD01GL000045;TD01GL003687;TD01GL002417;TD01GL003311;TD01GL000685;TD01GL003625;TD01GL002750;TD01GL001435;TD01GL003447;TD01GL002672;TD01GL001055;TD01GL002857;TD01GL000878;TD01GL001920;TD01GL002426;TD01GL002040;TD01GL000434;TD01GL000544;TD01GL001373;TD01GL001777;TD01GL000422;TD01GL003547;TD01GL003120;TD01GL003605;TD01GL002074;TD01GL002160;TD01GL002008;TD01GL001422;TD01GL001829;TD01GL001096;TD01GL003214;TD01GL002470;TD01GL003384;TD01GL001243;TD01GL000522;TD01GL003627,320.0,208.0,0.08919555021095787,135.0,0.05385499696166227,209.0,0.07679178234574519,207.0,0.09002289583484069,177.0,0.09150985346248719,176.0,0.09969915104969594,176.0,0.10407702125740553,118.0,0.11731128953501824
Small,TD01GL001658;TD01GL000760;TD01GL001428;TD01GL003448;TD01GL000056;TD01GL002375;TD01GL002627;TD01GL000931;TD01GL002250;TD01GL000342;TD01GL003751;TD01GL002574;TD01GL000224;TD01GL002749;TD01GL002666;TD01GL001111;TD01GL002219;TD01GL003138;TD01GL002379;TD01GL000067;TD01GL002249;TD01GL001061;TD01GL003125,23.0,18.0,0.009681639564724348,15.0,0.013268656659453579,19.0,0.013039844910641613,19.0,0.011139713605007599,16.0,0.011457152954762384,16.0,0.010334316526399786,16.0,0.009601638247478785,13.0,0.01558021730763037
